price,bedrooms,bathrooms,sqft_living,sqft_lot,floors,condition,sqft_above,sqft_basement,yr_built,yr_renovated,street,city,statezip,country
550000.0,4,2,1940,10500,1,4,1140,800,1976,1992,9105 170th Ave NE,Redmond,WA 98052,USA
1400000.0,4,2,2920,4000,1,5,1910,1010,1909,1988,3838-4098 44th Ave NE,Seattle,WA 98105,USA
495000.0,4,1,1600,6380,1,3,1130,470,1959,1989,2021 NE 100th St,Seattle,WA 98125,USA
790000.0,3,2,2600,4750,1,4,1700,900,1951,1999,3314 NW 75th St,Seattle,WA 98117,USA
499950.0,4,2,2860,3345,2,3,2190,670,2004,2003,20120 137th Ave NE,Woodinville,WA 98072,USA
650000.0,4,2,1820,5000,1,3,1640,180,1945,2010,7201-7399 55th Ave NE,Seattle,WA 98115,USA
750000.0,3,2,2390,6550,1,4,1440,950,1955,2009,3628 59th Ave SW,Seattle,WA 98116,USA
430000.0,4,1,1920,10000,1,4,1070,850,1954,1979,4071 156th Ave SE,Bellevue,WA 98006,USA
331950.0,4,2,2530,9933,2,3,2010,520,1990,2009,925 48th Ct,Auburn,WA 98092,USA
628000.0,4,2,2280,6010,1,3,1140,1140,1900,2005,205-206 Euclid Ave,Seattle,WA 98122,USA
831000.0,4,3,2170,4000,2,4,1610,560,1982,2011,120 31st Ave E,Seattle,WA 98112,USA
755000.0,4,2,2120,10202,1,4,1620,500,1960,2001,12645 SE 27th St,Bellevue,WA 98005,USA
627000.0,4,2,1990,7712,1,3,1210,780,1973,2013,18915 SE 42nd Pl,Issaquah,WA 98027,USA
650000.0,3,1,2160,9000,1,4,1400,760,1949,1985,13026 10th Ave NW,Seattle,WA 98177,USA
770000.0,3,2,2350,5700,1,4,1810,540,1939,1989,2171 Boyer Ave E,Seattle,WA 98112,USA
541125.0,5,2,2740,8426,1,4,1370,1370,1960,2001,5211 116th Pl SE,Bellevue,WA 98006,USA
384900.0,5,2,3090,12750,1,3,1750,1340,1968,1997,114 SW 292nd St,Federal Way,WA 98023,USA
435000.0,5,2,1840,9240,1,4,1540,300,1942,1958,14013 Ashworth Ave N,Seattle,WA 98133,USA
501000.0,4,1,2070,7519,1,3,1160,910,1963,2008,2506 166th Ave NE,Bellevue,WA 98008,USA
657100.0,4,1,1390,4240,1,3,1050,340,1924,2011,4312 Woodlawn Ave N,Seattle,WA 98103,USA
210000.0,5,2,2050,10200,1,3,1430,620,1956,2001,20927-20999 2nd Ave S,Des Moines,WA 98198,USA
585000.0,2,1,1770,8640,1,3,1520,250,1949,1998,353 NW 88th St,Seattle,WA 98117,USA
618500.0,3,2,1800,5000,1,4,1080,720,1942,1982,2803 NE 62nd St,Seattle,WA 98115,USA
487585.0,4,1,2010,9211,1,3,1470,540,1977,2004,13313 127th Pl NE,Kirkland,WA 98034,USA
353000.0,3,1,1350,7740,1,4,860,490,1947,1988,11051 35th Ave NE,Seattle,WA 98125,USA
650000.0,3,1,1630,7475,1,3,1160,470,1940,1996,6009 52nd Ave NE,Seattle,WA 98115,USA
1135000.0,4,2,3370,8103,1,3,1970,1400,1970,2014,3922 SW Henderson St,Seattle,WA 98136,USA
407000.0,4,2,2810,23400,1,3,1710,1100,1958,2004,23024-23198 17th Ave S,Des Moines,WA 98198,USA
379900.0,4,1,1500,11600,1,4,1000,500,1955,2009,15007 75th Ave NE,Kenmore,WA 98028,USA
460000.0,2,2,1230,929,2,3,1020,210,2004,2003,100 24th Ave E,Seattle,WA 98112,USA
612500.0,4,2,2060,5000,1,3,1030,1030,1949,2013,1708 NW 96th St,Seattle,WA 98117,USA
218000.0,3,1,1850,7684,1,3,1320,530,1979,2014,33945 28th Pl SW,Federal Way,WA 98023,USA
404000.0,4,1,1840,10720,1,3,960,880,1958,2004,16020 SE 2nd St,Bellevue,WA 98008,USA
313950.0,3,1,1510,6083,1,4,860,650,1940,2001,415 NE 94th St,Seattle,WA 98115,USA
575000.0,3,1,2130,6500,1,3,1170,960,1954,2005,2214 W Halladay St,Seattle,WA 98199,USA
484000.0,2,1,1660,6000,1,3,1160,500,1942,1999,4711 University View Pl NE,Seattle,WA 98105,USA
533000.0,5,2,1800,3780,1,3,1400,400,1926,2003,7434 Winona Ave N,Seattle,WA 98103,USA
197000.0,3,1,1690,7735,1,4,1060,630,1976,1992,30020 43rd Pl S,Auburn,WA 98001,USA
1800000.0,5,5,4490,10279,2,3,3930,560,2013,1923,1435 104th Ave SE,Bellevue,WA 98004,USA
255000.0,5,2,2060,8632,1,3,1030,1030,1962,2003,105 SW 129th St,Burien,WA 98146,USA
750000.0,3,2,2520,5401,1,4,1360,1160,1946,1989,2806 13th Ave W,Seattle,WA 98119,USA
599999.0,9,4,3830,6988,2,3,2450,1380,1938,2003,8809 Densmore Ave N,Seattle,WA 98103,USA
581000.0,4,2,2510,13695,1,4,1280,1230,1961,2001,11105 126th Ave NE,Kirkland,WA 98033,USA
492000.0,4,2,3305,16164,1,5,2245,1060,1922,1956,1718 N 175th St,Shoreline,WA 98133,USA
1110000.0,4,1,2310,13300,1,3,1890,420,1950,2005,9724 NE 14th St,Clyde Hill,WA 98004,USA
705000.0,4,2,2650,4316,1,3,1520,1130,1905,2013,1902 45th Ave SW,Seattle,WA 98116,USA
940000.0,4,2,1890,5940,1,3,1470,420,1963,2008,1234 22nd Ave E,Seattle,WA 98112,USA
1340000.0,3,3,2960,5500,2,3,2440,520,1937,1990,3529 W Howe St,Seattle,WA 98199,USA
440000.0,3,1,1500,6180,1,4,1060,440,1947,1988,3827 39th Ave S,Seattle,WA 98118,USA
530000.0,3,1,1340,4284,1,3,1080,260,1910,2006,4703-4707 4th Ave NE,Seattle,WA 98105,USA
226500.0,3,1,1640,10762,1,3,1130,510,1988,2000,27000-27080 201st Ave SE,Covington,WA 98042,USA
409500.0,4,2,2140,13000,1,3,1320,820,1968,1997,19302 65th Pl NE,Kenmore,WA 98028,USA
690000.0,3,2,1760,6428,1,4,980,780,1942,1982,2145 Condon Way W,Seattle,WA 98199,USA
794154.0,4,2,2210,8556,1,4,1210,1000,1954,1979,3235 30th Ave W,Seattle,WA 98199,USA
615000.0,2,1,1540,6872,1,4,820,720,1946,1989,2814 13th Ave W,Seattle,WA 98119,USA
258000.0,4,1,1730,8320,1,3,1230,500,1977,2004,30633 21st Ave SW,Federal Way,WA 98023,USA
533000.0,3,1,1670,4080,1,3,1170,500,1967,2011,544 NE 84th St,Seattle,WA 98115,USA
712000.0,3,1,1250,4620,1,4,1150,100,1900,1971,3612 Interlake Ave N,Seattle,WA 98103,USA
260000.0,4,1,2130,8800,1,3,1100,1030,1962,2003,24345 35th Pl S,Kent,WA 98032,USA
647500.0,4,1,2060,26036,1,4,1160,900,1947,1988,17622 12th Ave SW,Normandy Park,WA 98166,USA
780000.0,4,1,2480,9195,1,3,1390,1090,1950,2005,3002 109th Ave SE,Bellevue,WA 98004,USA
350000.0,4,1,2250,13515,1,4,2150,100,1940,2001,468 Scenic Way,Kent,WA 98030,USA
228000.0,4,1,2000,6120,1,3,1100,900,1965,1993,5933 S Eastwood Dr,Seattle,WA 98178,USA
538000.0,4,1,1840,9600,1,3,1220,620,1967,2011,5524 161st Pl NE,Redmond,WA 98052,USA
230000.0,3,1,950,6000,1,3,790,160,1939,1969,1237 S Sullivan St,Seattle,WA 98108,USA
1307000.0,5,3,2800,3200,1,5,1910,890,1932,2002,365 Halladay St,Seattle,WA 98109,USA
930000.0,3,3,2640,4080,2,3,1840,800,1912,2000,4714 Thackeray Pl NE,Seattle,WA 98105,USA
839900.0,4,3,3810,13592,1,3,2560,1250,2013,1923,2411 Meadow Ave N,Renton,WA 98056,USA
280950.0,3,1,1390,8700,1,4,840,550,1912,1989,629-899 Cedar Ave S,Renton,WA 98057,USA
323000.0,4,2,1970,7213,1,3,1170,800,1977,2004,17814 161st Ave SE,Renton,WA 98058,USA
742500.0,4,2,3100,3773,2,3,2000,1100,1919,1996,1614 32nd Ave,Seattle,WA 98122,USA
782000.0,4,2,2830,20345,2,3,1980,850,1979,2014,11110 NE 38th Pl,Bellevue,WA 98004,USA
252500.0,3,1,1030,6127,1,3,880,150,1947,2012,819 NE 125th St,Seattle,WA 98125,USA
1702500.0,5,4,5190,23716,2,3,3390,1800,1987,2000,8608 N Mercer Way,Mercer Island,WA 98040,USA
445000.0,2,2,1150,6634,1,3,860,290,1940,1996,1721 NE 98th St,Seattle,WA 98115,USA
875000.0,4,2,2520,6000,1,3,1400,1120,1921,2007,6521 Fremont Ave N,Seattle,WA 98103,USA
265000.0,4,1,1940,9533,1,3,1080,860,1962,2003,9908 S 210th Pl,Kent,WA 98031,USA
490000.0,2,2,1230,1391,2,3,870,360,2004,2003,106 24th Ave E,Seattle,WA 98112,USA
255000.0,2,1,1220,2500,1,3,770,450,1910,2006,3017 SW Hinds St,Seattle,WA 98126,USA
876650.0,3,3,2170,12508,1,5,1650,520,1928,1970,4436-4446 W Mercer Way,Mercer Island,WA 98040,USA
582000.0,4,1,2120,4650,1,3,1190,930,1951,1994,9214 Cyrus Ave NW,Seattle,WA 98117,USA
1315000.0,4,3,3460,3997,2,3,2560,900,2004,2003,2346 N 59th St,Seattle,WA 98103,USA
372500.0,5,3,2480,10090,1,3,1300,1180,2004,2003,5537 S 119th St,Seattle,WA 98178,USA
1015000.0,3,2,2920,34527,1,4,1800,1120,1954,1983,5220 SW Pritchard St,Seattle,WA 98116,USA
210000.0,3,2,1040,2643,2,3,720,320,2004,2003,5145 S Roxbury St,Seattle,WA 98118,USA
499950.0,3,1,980,6380,1,3,760,220,1941,1994,1733 NE 88th St,Seattle,WA 98115,USA
330000.0,5,3,2100,7715,1,3,1250,850,2013,1923,1047-1099 S 130th St,Burien,WA 98168,USA
315275.0,3,1,1440,8040,1,3,960,480,1951,1994,11521 22nd Ave NE,Seattle,WA 98125,USA
505000.0,4,1,1940,4800,1,5,1030,910,1922,1956,414 14th Ave,Seattle,WA 98122,USA
734200.0,4,2,2760,5000,1,5,1680,1080,1928,1970,950 NW 60th St,Seattle,WA 98107,USA
460000.0,3,2,2350,10450,1,3,1390,960,1977,2004,15801 63rd Ave NE,Kenmore,WA 98028,USA
449500.0,3,2,1770,6610,1,4,960,810,1954,1979,19293 Stone Ave N,Shoreline,WA 98133,USA
628000.0,4,2,2260,6000,1,3,1430,830,1958,2004,8028 27th Ave NE,Seattle,WA 98115,USA
245000.0,5,1,2020,7902,1,3,1220,800,1962,2003,10412 Aqua Way S,Seattle,WA 98168,USA
415000.0,3,1,1960,5000,1,5,980,980,1911,1984,4958 12th Ave S,Seattle,WA 98108,USA
799200.0,6,3,2890,2370,2,3,2290,600,1906,2014,420 Boylston Ave E,Seattle,WA 98102,USA
591000.0,3,1,1680,2400,1,5,870,810,1922,1956,1600-1608 25th Ave,Seattle,WA 98122,USA
475000.0,4,2,3740,8700,1,3,2260,1480,2004,2003,16700 SE 161st St,Renton,WA 98058,USA
575000.0,3,1,1580,11750,1,4,1180,400,1951,1999,5461 S Othello St,Seattle,WA 98118,USA
717000.0,3,1,1310,3880,1,3,1090,220,1956,2001,7325 Earl Ave NW,Seattle,WA 98117,USA
385000.0,3,2,1480,6600,1,3,740,740,1943,2002,4115 SW 106th St,Seattle,WA 98146,USA
580000.0,5,2,2290,7125,1,3,1190,1100,1964,2000,16541 NE 27th Pl,Bellevue,WA 98008,USA
405000.0,4,1,2180,13529,1,3,1090,1090,1956,2001,16722 32nd Pl NE,Lake Forest Park,WA 98155,USA
413000.0,4,1,1410,6000,1,3,810,600,1925,2002,4118 32nd Ave SW,Seattle,WA 98126,USA
225000.0,3,1,1660,7210,1,3,1100,560,1963,2008,29140 42nd Ave S,Auburn,WA 98001,USA
385000.0,4,1,1620,4980,1,4,860,760,1947,1988,10037 Interlake Ave N,Seattle,WA 98133,USA
542000.0,4,1,1900,8250,1,4,950,950,1955,2009,3810 145th Ave SE,Bellevue,WA 98006,USA
372220.0,3,1,1290,5500,1,3,980,310,1951,1994,4607 SW Cloverdale St,Seattle,WA 98136,USA
337500.0,5,2,1700,7314,1,3,1000,700,1956,2001,6000-6048 22nd Ave S,Seattle,WA 98108,USA
543000.0,3,2,2090,7640,1,3,1360,730,1962,2014,14836 Densmore Ave N,Shoreline,WA 98133,USA
364000.0,4,1,2010,8625,1,4,1340,670,1957,2001,16501-16515 Carlyle Hall Rd N,Shoreline,WA 98133,USA
458000.0,3,1,1660,7500,1,4,1060,600,1940,2001,2000 NE 113th St,Seattle,WA 98125,USA
607500.0,5,1,2220,6000,1,3,1420,800,1923,1998,3047 21st Ave W,Seattle,WA 98199,USA
400000.0,2,1,980,2130,1,4,860,120,1918,1974,6520-6588 8th Ave NW,Seattle,WA 98117,USA
252350.0,3,2,1650,7352,1,3,1160,490,1979,2014,12902 SE 158th Pl,Renton,WA 98058,USA
840000.0,4,1,2930,11562,1,3,1670,1260,1947,2012,3539 NW 67th St,Seattle,WA 98117,USA
225000.0,3,2,1400,7384,1,3,1150,250,1979,2014,3311 SE 17th St,Renton,WA 98058,USA
1000000.0,5,4,3920,16258,2,3,2900,1020,1990,2009,2548 111th Ave SE,Bellevue,WA 98004,USA
375000.0,4,1,1890,8000,1,4,1250,640,1960,2001,2145 N 178th St,Shoreline,WA 98133,USA
475000.0,7,3,2870,29699,1,3,1520,1350,1961,2004,11738 1st Ave NE,Seattle,WA 98125,USA
790000.0,3,1,1790,6117,1,3,1350,440,1940,1996,1922 35th Ave W,Seattle,WA 98199,USA
1085000.0,4,3,3740,12080,1,3,2000,1740,1988,2000,13704-13712 209th Ave NE,Woodinville,WA 98077,USA
240000.0,3,2,1400,6200,1,3,700,700,1948,1994,1610 N 185th St,Shoreline,WA 98133,USA
640000.0,4,2,2560,7798,1,4,1890,670,1947,1988,8600-8698 30th Ave NE,Seattle,WA 98115,USA
343000.0,4,1,2290,10290,1,3,1340,950,1960,2012,2816 SW 110th Pl,Seattle,WA 98146,USA
575000.0,4,2,3020,17810,1,3,1600,1420,1979,2014,4527-4553 NE 201st Pl,Lake Forest Park,WA 98155,USA
340000.0,3,1,1960,8136,1,3,980,980,1948,1994,2419 SW Barton St,Seattle,WA 98106,USA
828950.0,4,3,3930,5680,2,3,2820,1110,2013,1923,19601-19853 Newport Way NW,Issaquah,WA 98027,USA
451000.0,3,1,1560,4049,1,3,1000,560,1926,2003,4042 34th Ave SW,Seattle,WA 98126,USA
720000.0,2,1,2020,7200,1,4,1700,320,1947,1988,10835 41st Ave SW,Seattle,WA 98146,USA
239900.0,4,2,1860,7000,1,3,1120,740,1979,2014,401 SW 322nd St,Federal Way,WA 98023,USA
446000.0,4,2,2270,7800,1,3,1290,980,1977,2004,11123 NE 141st Pl,Kirkland,WA 98034,USA
370000.0,4,1,1370,9957,1,3,900,470,1972,2002,12054 NE 137th Ct,Kirkland,WA 98034,USA
724800.0,3,2,2050,3933,1,3,1180,870,1926,2001,2610 E Montlake Pl E,Seattle,WA 98112,USA
875000.0,3,2,2220,6641,1,4,1220,1000,1947,1988,2559 24th Ave W,Seattle,WA 98199,USA
238000.0,3,2,1020,1204,2,3,720,300,2004,2003,3419 SW Morgan St,Seattle,WA 98126,USA
205000.0,5,1,1730,5200,1,4,1050,680,1978,2000,26607 190th Ave SE,Covington,WA 98042,USA
341000.0,3,2,1480,1663,2,3,1180,300,2012,1912,6510 34th Ave SW,Seattle,WA 98126,USA
352500.0,3,2,1410,14110,1,3,1170,240,1987,2000,7426 N Fork Rd SE,Snoqualmie,WA 98065,USA
462000.0,3,1,1710,4500,1,3,1410,300,1928,1954,5151 S Othello St,Seattle,WA 98118,USA
560000.0,4,1,1660,4690,1,3,1260,400,1945,2010,7353 16th Ave NW,Seattle,WA 98117,USA
285000.0,4,1,2080,13629,1,4,1040,1040,1955,2009,8024 S 130th St,Seattle,WA 98178,USA
885000.0,4,2,2730,3560,1,3,1550,1180,1921,2007,6211 Ravenna Ave NE,Seattle,WA 98115,USA
296500.0,3,2,2170,7900,1,4,1380,790,1978,2000,26715 Stanford Ct,Kent,WA 98032,USA
485000.0,3,1,1500,4100,1,3,1370,130,1926,2003,816 NW Market St,Seattle,WA 98107,USA
319950.0,4,1,2310,8045,1,4,1650,660,1976,1992,16336 131st Ave SE,Renton,WA 98058,USA
1190000.0,4,3,2240,6000,1,4,1270,970,1914,1945,2009 4th Ave N,Seattle,WA 98109,USA
520000.0,4,3,2680,10000,2,3,2040,640,1942,2014,13342 30th Ave NE,Seattle,WA 98125,USA
483945.0,2,1,1480,5120,1,4,840,640,1951,1999,4844 47th Ave SW,Seattle,WA 98116,USA
575000.0,4,1,1280,6060,1,3,860,420,1926,2003,7032 7th Ave NW,Seattle,WA 98117,USA
615000.0,4,2,2820,13193,1,3,1860,960,1965,1993,4941-4949 125th Ave SE,Bellevue,WA 98006,USA
490000.0,3,1,1910,8190,1,4,1010,900,1946,1989,9237 7th Ave NW,Seattle,WA 98117,USA
755000.0,6,2,2150,4505,1,3,1270,880,1952,2008,3429 9th Ave W,Seattle,WA 98119,USA
387000.0,2,2,1230,1280,2,3,960,270,2012,1912,801-921 Martin Luther King Jr Way S,Seattle,WA 98144,USA
978000.0,4,2,2620,13777,1,4,1720,900,1926,1993,2602 Shoreland Dr S,Seattle,WA 98144,USA
1125000.0,6,3,2880,3192,2,4,2180,700,1919,1985,2212 N 36th St,Seattle,WA 98103,USA
219950.0,3,1,1650,9936,1,3,1090,560,1967,2011,425 S 305th St,Federal Way,WA 98003,USA
210000.0,4,1,2180,28710,1,3,1180,1000,1950,2005,21922 34th Ave S,SeaTac,WA 98198,USA
1800000.0,4,3,4460,16953,1,3,2550,1910,1962,1994,2625 82nd Ave NE,Medina,WA 98039,USA
299950.0,3,1,910,8000,1,4,740,170,1950,1983,20013 15th Ave NW,Shoreline,WA 98177,USA
765000.0,4,2,2560,12100,1,4,1760,800,1976,1992,17323 NE 24th St,Redmond,WA 98052,USA
250000.0,4,1,2500,6300,1,4,1500,1000,1961,2001,24911-24917 38th Ave S,Kent,WA 98032,USA
475000.0,4,1,1650,7775,1,4,1150,500,1950,1983,11726 Phinney Ave N,Seattle,WA 98133,USA
507500.0,3,2,2020,8118,1,3,1020,1000,1963,2008,16630 SE 26th St,Bellevue,WA 98008,USA
329000.0,4,2,1600,6765,1,3,830,770,1947,2011,6048 26th Ave SW,Seattle,WA 98106,USA
494000.0,4,1,2090,4300,1,4,1250,840,1925,1968,5011 SW Dawson St,Seattle,WA 98136,USA
423000.0,4,1,1940,6909,1,4,970,970,1941,1998,11207 Evanston Ave N,Seattle,WA 98133,USA
490000.0,5,3,4460,2975,3,3,3280,1180,2013,1923,1400 10th Ave W,Seattle,WA 98119,USA
195000.0,3,1,1380,7350,1,3,990,390,1981,2013,18600-18698 SE 259th Pl,Covington,WA 98042,USA
1506000.0,4,3,3660,5800,2,3,3360,300,1909,1995,1020 15th Ave E,Seattle,WA 98112,USA
525000.0,3,2,2100,10362,2,3,1510,590,1998,2006,3 Ober Strasse,Snoqualmie Pass,WA 98068,USA
475000.0,4,2,1790,2250,1,4,840,950,1909,1989,1017 N 38th St,Seattle,WA 98103,USA
385500.0,3,2,1540,7947,1,3,1120,420,1961,2004,9215 NE 183rd St,Bothell,WA 98011,USA
270000.0,3,1,1390,10905,1,3,860,530,1957,2000,5601-5605 21st Ave SW,Seattle,WA 98106,USA
1003000.0,4,2,2290,6120,2,4,2170,120,1926,1993,124 NE 63rd St,Seattle,WA 98115,USA
691000.0,4,2,2550,8632,1,3,1700,850,1972,2002,4118 107th Pl NE,Kirkland,WA 98033,USA
360000.0,2,0,850,7710,1,5,550,300,1909,1988,2458 S Ferdinand St,Seattle,WA 98108,USA
256750.0,3,2,1990,8991,1,3,1570,420,1969,2010,23255 133rd Ave SE,Kent,WA 98042,USA
668750.0,4,2,2340,6420,1,3,1590,750,1964,2000,2148 NW 197th St,Shoreline,WA 98177,USA
452000.0,4,2,1660,6150,1,3,850,810,1945,2010,7308 28th Ave SW,Seattle,WA 98126,USA
535000.0,2,1,1030,4841,1,3,920,110,1939,1969,1317 N 79th St,Seattle,WA 98103,USA
970000.0,4,3,2790,5420,1,3,1130,1660,1963,2013,19400-19498 23rd Ave NW,Shoreline,WA 98177,USA
450000.0,2,1,1200,4000,1,3,1070,130,1940,1996,3026 37th Ave SW,Seattle,WA 98126,USA
285000.0,3,1,2380,6000,1,3,1320,1060,1935,1974,8723 S 117th St,Seattle,WA 98178,USA
430000.0,4,3,3220,8936,2,3,2450,770,1990,2009,20301 96th Ave S,Kent,WA 98031,USA
604700.0,4,2,2750,14982,1,3,1720,1030,1981,2013,27318 10th Pl S,Des Moines,WA 98198,USA
657000.0,4,1,2740,8520,1,3,1370,1370,1954,2005,5524 S Morgan St,Seattle,WA 98118,USA
254500.0,4,2,2570,7264,2,3,1720,850,1998,2006,1621 56th Ct SE,Auburn,WA 98092,USA
1075000.0,4,3,3600,9200,1,4,2100,1500,1976,1992,2646 168th Ave SE,Bellevue,WA 98008,USA
245000.0,4,2,1580,8000,1,3,1040,540,1967,2011,2306 S 284th Pl,Federal Way,WA 98003,USA
180000.0,2,1,1400,4500,1,3,900,500,1922,2008,309 Hardie Ave NW,Renton,WA 98057,USA
910000.0,4,3,3340,10890,1,3,2240,1100,1963,2000,15243 NE 71st Ct,Redmond,WA 98052,USA
180000.0,4,1,1740,7292,1,3,1020,720,1962,2003,13904 24th Ave S,SeaTac,WA 98168,USA
1180500.0,3,1,1610,7200,1,3,1090,520,1973,2013,1015 36th Ave E,Seattle,WA 98112,USA
635700.0,4,2,3240,13978,1,3,1860,1380,1977,2004,2069 211th Ave NE,Sammamish,WA 98074,USA
648360.0,4,1,2260,7005,1,4,1130,1130,1947,1988,137 18th Ave,Kirkland,WA 98033,USA
460000.0,3,1,1670,4005,1,4,1170,500,1939,1989,8030 18th Ave NW,Seattle,WA 98117,USA
325000.0,3,1,1920,6862,1,3,1120,800,1952,2008,4602 S Fletcher St,Seattle,WA 98118,USA
980000.0,4,3,3680,5854,1,3,2060,1620,1967,2011,1414 Magnolia Blvd W,Seattle,WA 98199,USA
515000.0,2,1,1680,6500,1,4,1140,540,1941,1998,5906 44th Ave SW,Seattle,WA 98136,USA
377691.0,5,1,2120,8399,1,4,1320,800,1942,1982,18318 Meridian Ave N,Shoreline,WA 98133,USA
648475.0,4,2,2250,5700,1,3,1200,1050,1951,1994,2436 Dexter Ave N,Seattle,WA 98109,USA
383000.0,3,1,1800,5612,1,4,1200,600,1942,1982,8639 36th Ave SW,Seattle,WA 98126,USA
595000.0,2,1,1030,4500,1,3,830,200,1924,2011,2726 Mayfair Ave N,Seattle,WA 98109,USA
554820.0,4,2,3510,12905,1,3,2210,1300,1965,1982,1962 SW 172nd St,Burien,WA 98166,USA
1325000.0,4,3,3370,7920,1,3,1860,1510,1988,2000,3524 NW 67th St,Seattle,WA 98117,USA
258000.0,3,1,1620,7540,1,3,1310,310,1988,2000,21659 SE 266th St,Maple Valley,WA 98038,USA
945000.0,4,2,2840,13367,1,3,1420,1420,1952,2008,9723 NE 15th St,Clyde Hill,WA 98004,USA
467100.0,3,1,1620,8645,1,3,1190,430,1973,2013,6605-6609 141st Pl NE,Redmond,WA 98052,USA
1610000.0,4,3,4390,11600,2,3,3060,1330,1990,2009,2758 68th Ave SE,Mercer Island,WA 98040,USA
552000.0,3,1,1430,5000,1,4,1080,350,1919,1985,6008 29th Ave NE,Seattle,WA 98115,USA
530000.0,4,1,1814,5000,1,4,944,870,1951,1999,7532 44th Ave NE,Seattle,WA 98115,USA
462000.0,3,1,1300,2580,1,5,820,480,1919,1934,825 NE 63rd St,Seattle,WA 98115,USA
606000.0,3,1,1500,3920,1,3,1000,500,1947,2012,128 NW 59th St,Seattle,WA 98107,USA
675000.0,3,3,2980,28000,1,3,1820,1160,1981,2013,15017-15023 NE 144th St,Redmond,WA 98052,USA
460000.0,2,1,2730,19877,1,4,1570,1160,1976,1992,19807 330th Ave NE,Duvall,WA 98019,USA
468000.0,2,1,1160,6000,1,4,860,300,1942,1982,3169 NE 85th St,Seattle,WA 98115,USA
1050000.0,4,2,2920,7200,1,3,1470,1450,1921,2006,3438-3474 S Charles St,Seattle,WA 98144,USA
688000.0,4,3,3000,4000,1,3,1970,1030,1913,2014,3220 19th Ave S,Seattle,WA 98144,USA
800000.0,4,2,2680,7200,1,3,1380,1300,1952,2013,11540 NE 91st St,Kirkland,WA 98033,USA
405000.0,3,1,1980,8100,1,4,1310,670,1949,1985,2317 N 147th St,Shoreline,WA 98133,USA
399000.0,4,2,2870,9292,2,3,2540,330,1979,2014,16727 163rd Pl SE,Renton,WA 98058,USA
344950.0,4,2,2330,6250,1,4,1400,930,1941,1998,440 Scenic Way,Kent,WA 98030,USA
732000.0,3,2,2330,1987,2,3,1410,920,2004,2003,6123 37th Ave NW,Seattle,WA 98107,USA
415000.0,3,2,1950,8868,1,3,1350,600,1964,2000,1531 NE 172nd St,Shoreline,WA 98155,USA
1655000.0,4,3,3080,4815,2,3,2300,780,1937,2009,2441-2499 Crane Dr W,Seattle,WA 98199,USA
415000.0,5,1,1900,10226,1,3,1130,770,1961,2004,8605 NE 137th St,Kirkland,WA 98034,USA
780000.0,3,3,2520,2152,1,3,1560,960,1925,2006,1906 11th Ave W,Seattle,WA 98119,USA
967500.0,3,3,3250,5797,2,4,2370,880,1951,1999,3041 37th Ave W,Seattle,WA 98199,USA
375000.0,3,1,2000,7294,1,3,1520,480,1965,1993,5230 S Rose St,Seattle,WA 98118,USA
994000.0,3,2,2510,6339,1,5,1810,700,1932,2002,3227 Whalley Pl W,Seattle,WA 98199,USA
280000.0,3,1,1200,6250,1,3,920,280,1943,2002,10424 2nd Ave S,Seattle,WA 98168,USA
274950.0,3,1,1670,7415,1,3,1320,350,1987,2000,16828 SE 251 St,Covington,WA 98042,USA
725000.0,3,1,2500,4774,1,3,1450,1050,1940,1996,4111 1st Ave NW,Seattle,WA 98107,USA
1149000.0,4,3,5940,11533,2,3,4950,990,2004,2003,6310 Fairway Pl SE,Snoqualmie,WA 98065,USA
599000.0,4,2,2020,2750,1,3,1010,1010,1917,2014,3212 E Terrace St,Seattle,WA 98122,USA
840000.0,4,2,3040,2800,2,3,2100,940,1906,2014,318 E Mercer St,Seattle,WA 98102,USA
432500.0,3,1,1980,5100,1,3,1270,710,1965,1993,8516 Linden Ave N,Seattle,WA 98103,USA
465000.0,6,3,4250,23326,1,3,2150,2100,1967,2011,29211 7th Pl S,Federal Way,WA 98003,USA
1175000.0,3,2,1970,23180,1,3,1100,870,1937,1998,5923 Beach Dr SW,Seattle,WA 98136,USA
1400000.0,4,3,2980,7000,2,3,2140,840,1900,2014,3115 S Norman St,Seattle,WA 98144,USA
1210000.0,4,2,3650,6982,2,4,2530,1120,1951,2003,4911 NE 65th St,Seattle,WA 98115,USA
745000.0,3,1,1490,9800,1,4,1140,350,1947,1988,10637 SE 29th St,Beaux Arts Village,WA 98004,USA
840500.0,3,2,2520,5400,1,4,1410,1110,1906,1990,1917 3rd Ave W,Seattle,WA 98119,USA
420000.0,3,1,1820,22320,1,3,1250,570,1977,2004,4031 W Ames Lake Dr NE,Redmond,WA 98053,USA
600000.0,3,1,1580,7416,1,3,1150,430,1967,2011,12501 SE 4th Pl,Bellevue,WA 98005,USA
277000.0,4,1,1450,6250,1,3,990,460,1964,2000,10020 18th Ave SW,Seattle,WA 98146,USA
270000.0,3,1,1300,4127,1,4,650,650,1918,1953,1309 SW Webster St,Seattle,WA 98106,USA
700000.0,2,1,2320,5500,1,3,1720,600,1925,2000,1903 32nd Ave S,Seattle,WA 98144,USA
510250.0,3,1,1400,4000,1,3,870,530,1951,1994,8520 19th Ave NW,Seattle,WA 98117,USA
840000.0,4,1,2330,4000,2,5,1300,1030,1924,1956,5036 36th Ave NE,Seattle,WA 98105,USA
430000.0,3,3,3890,7140,1,3,2390,1500,1943,2007,10631 Forest Ave S,Seattle,WA 98178,USA
510000.0,4,1,2040,8800,1,4,1020,1020,1961,2001,1518 150th Ave SE,Bellevue,WA 98007,USA
264950.0,4,2,1720,9753,1,4,1120,600,1978,2000,34434 30th Ave SW,Federal Way,WA 98023,USA
267500.0,3,1,1590,11914,1,3,1090,500,1957,2000,17904 Military Rd S,SeaTac,WA 98188,USA
400000.0,4,1,1390,7200,1,3,1140,250,1965,1993,2150 N 128th St,Seattle,WA 98133,USA
820000.0,4,2,2280,6660,1,3,1960,320,1940,1984,811 W Bertona St,Seattle,WA 98119,USA
436500.0,2,1,1260,5000,1,3,1040,220,1951,1994,3028 NW 68th St,Seattle,WA 98117,USA
750500.0,5,3,2170,2440,1,4,1450,720,1911,1966,1006 NE Ravenna Blvd,Seattle,WA 98105,USA
550000.0,5,2,2450,9488,1,4,1240,1210,1900,1955,10515 Ashworth Ave N,Seattle,WA 98133,USA
266500.0,4,1,1880,7632,1,4,1180,700,1978,2000,32740-32998 30th Ave SW,Federal Way,WA 98023,USA
400000.0,4,2,1240,3867,1,3,800,440,1987,2000,12001 Bartlett Ave NE,Seattle,WA 98125,USA
332000.0,3,2,2270,8876,1,3,1380,890,1977,2004,3109 SE 17th Ct,Renton,WA 98058,USA
405000.0,5,1,1880,10000,1,3,960,920,1963,2008,10414 NE 131st St,Kirkland,WA 98034,USA
540000.0,3,1,2600,5085,1,4,1400,1200,1940,2001,4118 35th Ave SW,Seattle,WA 98126,USA
475300.0,3,1,2110,10005,1,5,1110,1000,1924,1956,9719 130th Ave NE,Kirkland,WA 98033,USA
1425000.0,4,4,4960,6000,2,3,3680,1280,1909,2003,2611 1st Ave N,Seattle,WA 98109,USA
685000.0,3,1,1940,7313,1,4,1440,500,1960,2001,8750 Fauntlee Crest SW,Seattle,WA 98136,USA
425000.0,3,1,1680,3000,1,4,840,840,1900,1971,927 N 79th St,Seattle,WA 98103,USA
369000.0,3,2,1550,8509,1,3,1150,400,1959,1989,8102 7th Ave SW,Seattle,WA 98106,USA
490000.0,3,1,1920,5405,1,4,960,960,1947,1988,4832 38th Ave SW,Seattle,WA 98126,USA
750000.0,3,1,1700,8400,1,3,1460,240,1947,2012,3621 45th Ave W,Seattle,WA 98199,USA
700000.0,4,2,2310,3570,1,3,1490,820,1927,2014,8216 Linden Ave N,Seattle,WA 98103,USA
655000.0,4,2,2060,8470,1,3,1440,620,1983,2009,4730 162nd Ct SE,Bellevue,WA 98006,USA
458000.0,5,2,3090,23265,1,3,2990,100,1957,2000,9631 NE 198th St,Bothell,WA 98011,USA
740000.0,5,3,3990,18897,2,3,3090,900,1937,2010,1714 NE Brockman Pl,Seattle,WA 98125,USA
280000.0,2,1,1880,7560,1,3,940,940,1919,2001,8611 32nd Ave SW,Seattle,WA 98126,USA
459900.0,3,1,2580,11000,1,4,1290,1290,1951,1999,4525 119th Ave SE,Bellevue,WA 98006,USA
427000.0,5,2,2220,4000,1,3,1230,990,1973,2013,3112 21st Ave S,Seattle,WA 98144,USA
240000.0,3,2,1330,6000,1,4,630,700,1900,1971,527 S Donovan St,Seattle,WA 98108,USA
325000.0,3,1,2180,10230,1,4,1090,1090,1961,2001,9670 41st Ave S,Seattle,WA 98118,USA
243000.0,3,1,1790,12000,1,3,1040,750,1960,2012,23042 16th Ave S,Des Moines,WA 98198,USA
1505000.0,4,3,3480,7232,2,3,2580,900,1926,2010,1905 33rd Ave S,Seattle,WA 98144,USA
404000.0,3,1,2030,8880,1,3,1330,700,1963,2008,4915 17th Ave S,Seattle,WA 98108,USA
559900.0,3,2,2930,5569,1,3,1860,1070,2004,2003,18960 131st Pl NE,Woodinville,WA 98072,USA
380000.0,2,1,1210,4800,1,3,1060,150,1950,2005,4532 13th Ave S,Seattle,WA 98108,USA
405000.0,2,1,1710,4234,2,3,1330,380,1920,1979,4131 SW Kenyon St,Seattle,WA 98136,USA
820000.0,3,1,2160,6272,1,4,1390,770,1960,2001,2000-2098 NE 68th St,Seattle,WA 98115,USA
661000.0,4,2,1990,4600,1,4,1420,570,1932,1958,4426 38th Ave SW,Seattle,WA 98126,USA
250000.0,4,2,1850,7560,1,4,1540,310,1978,2000,4511 S 262nd St,Kent,WA 98032,USA
455000.0,2,1,1170,6000,1,4,970,200,1941,1998,9552 Phinney Ave N,Seattle,WA 98103,USA
635000.0,3,2,1960,7200,1,4,980,980,1940,2001,4131 51st Ave S,Seattle,WA 98118,USA
316000.0,3,2,2130,8721,1,3,1570,560,1987,2000,20312 102nd Pl SE,Kent,WA 98031,USA
955000.0,3,2,3020,43560,2,3,2720,300,1969,2010,12599 NE 39th St,Bellevue,WA 98005,USA
465500.0,3,1,1890,7004,1,3,1290,600,1965,1993,5047 43rd Ave S,Seattle,WA 98118,USA
440000.0,4,2,2340,11034,1,3,1720,620,1967,2011,19311 47th Ave NE,Lake Forest Park,WA 98155,USA
320000.0,5,2,3020,21441,1,4,1510,1510,1978,2000,29234 158th Ave SE,Kent,WA 98042,USA
345000.0,3,1,1990,5650,1,3,1320,670,1963,2008,10238 65th Ave S,Seattle,WA 98178,USA
274950.0,3,1,1450,8820,1,3,1050,400,1958,2004,5619 S 149th St,Tukwila,WA 98168,USA
455000.0,2,1,1140,5720,1,3,850,290,1947,2012,2711 NE 75th St,Seattle,WA 98115,USA
540000.0,4,1,1720,4240,1,4,1460,260,1925,1968,2722 30th Ave S,Seattle,WA 98144,USA
391000.0,3,2,1410,1290,2,3,1290,120,2004,2003,2134 NW Boulder Way Dr,Issaquah,WA 98027,USA
425000.0,3,2,1660,6000,1,3,1110,550,1979,2014,942 27th Ave,Seattle,WA 98122,USA
850000.0,3,1,1370,3850,1,5,770,600,1911,1988,2015 42nd Ave E,Seattle,WA 98112,USA
495000.0,4,2,2220,8872,1,4,1110,1110,1961,2001,5918 128th Ave SE,Bellevue,WA 98006,USA
471000.0,4,2,3030,9687,2,3,2020,1010,1998,2006,1165 SW 12th St,North Bend,WA 98045,USA
230000.0,3,2,1440,5600,1,4,720,720,1942,2007,2508 NE 7th St,Renton,WA 98056,USA
440000.0,2,1,1230,6600,1,3,1130,100,1906,2014,3934 S Hudson St,Seattle,WA 98118,USA
420000.0,3,1,1660,9600,1,3,1380,280,1981,2013,18223 129th Pl NE,Bothell,WA 98011,USA
320000.0,3,2,1880,10758,1,5,940,940,1952,1998,14712 SE 105th Pl,Renton,WA 98059,USA
960000.0,4,3,4590,9150,2,3,3490,1100,1981,2013,13003 13th Ave NW,Seattle,WA 98177,USA
605000.0,3,2,2060,4040,1,4,1120,940,1947,1988,510 N 70th St,Seattle,WA 98103,USA
375900.0,6,1,2550,33740,1,4,1750,800,1958,1972,31207 22nd Ave SW,Federal Way,WA 98023,USA
285000.0,3,1,2880,18296,1,3,1580,1300,1958,2004,4071 S 128th St,Tukwila,WA 98168,USA
600000.0,4,2,1960,14242,1,4,1290,670,1958,1972,12048 Standring Ct SW,Burien,WA 98146,USA
320000.0,3,3,1530,1602,2,3,1140,390,2013,1923,5201 23rd Ave SW,Seattle,WA 98106,USA
1270000.0,5,2,3200,17204,1,3,2160,1040,1952,2008,8726 NE 11th St,Bellevue,WA 98004,USA
1025000.0,3,1,2640,8000,1,4,1320,1320,1960,2001,3057 70th Ave SE,Mercer Island,WA 98040,USA
275000.0,3,2,1720,8755,1,3,1000,720,1983,2009,31607 45th Pl SW,Federal Way,WA 98023,USA
865000.0,3,1,2090,4725,2,3,1610,480,1947,2013,2825 W Elmore Pl,Seattle,WA 98199,USA
437000.0,2,1,1500,6800,1,4,910,590,1942,1982,9702 12th Ave NW,Seattle,WA 98117,USA
565000.0,5,2,2650,11455,1,3,1400,1250,1961,2004,527 171st Pl NE,Bellevue,WA 98008,USA
603500.0,4,2,4060,9734,1,3,2150,1910,1977,2004,19304 65th Ave NE,Kenmore,WA 98028,USA
646000.0,4,2,2500,8500,1,4,1600,900,1978,2000,4615 158th Ave SE,Bellevue,WA 98006,USA
860000.0,3,3,4720,32467,2,3,3190,1530,1998,2006,10510 172nd Ct SE,Renton,WA 98059,USA
411715.0,3,1,1840,5101,1,5,1040,800,1952,1998,4902 12th Ave S,Seattle,WA 98108,USA
489000.0,3,1,1020,9072,1,3,920,100,1930,1997,9110 25th Ave NE,Seattle,WA 98115,USA
355000.0,2,1,1650,4000,1,4,950,700,1947,1988,4541 11th Ave S,Seattle,WA 98108,USA
399950.0,3,1,2080,5244,1,3,1190,890,1959,1989,11812 33rd Ave NE,Seattle,WA 98125,USA
279950.0,3,2,1750,9750,1,3,1350,400,1961,2004,2640 S 227th Pl,Des Moines,WA 98198,USA
269000.0,3,1,1690,4250,1,3,1020,670,1967,2011,12035-12225 61st Ave S,Seattle,WA 98178,USA
450000.0,4,1,2000,4676,1,3,1250,750,1916,1986,5421-5499 52nd Terrace S,Seattle,WA 98118,USA
875000.0,5,2,2920,5568,2,3,2320,600,1906,2014,747 16th Ave E,Seattle,WA 98112,USA
210000.0,4,1,1920,10403,1,3,1370,550,1959,1989,2352 SW 338th St,Federal Way,WA 98023,USA
725000.0,4,2,2420,10962,1,3,1530,890,1977,2004,1301 141st Pl NE,Bellevue,WA 98007,USA
700000.0,3,1,1910,4800,1,3,1080,830,1959,1989,7529 Bagley Ave N,Seattle,WA 98103,USA
555000.0,4,2,2020,10720,1,4,1420,600,1976,1992,3005 177th Ave NE,Redmond,WA 98052,USA
466500.0,3,1,1430,3840,1,3,950,480,1945,2010,7550 19th Ave NW,Seattle,WA 98117,USA
372500.0,3,1,1180,12324,1,3,800,380,1981,2013,2522 230th Ave NE,Sammamish,WA 98074,USA
610000.0,4,1,1830,29110,2,3,1230,600,1990,2009,6194-6470 E Mercer Way,Mercer Island,WA 98040,USA
229000.0,2,1,1190,7408,1,3,830,360,1941,1994,10427 18th Ave S,Seattle,WA 98168,USA
257000.0,4,2,2330,7642,1,3,1800,530,1990,2009,2829 SW 342nd Pl,Federal Way,WA 98023,USA
270000.0,3,1,1890,9450,1,3,1090,800,1957,2000,13405 5th Ave SW,Burien,WA 98146,USA
453500.0,4,1,2000,6032,1,3,1300,700,1959,1989,4404 SW 101st St,Seattle,WA 98146,USA
735000.0,4,2,2820,6180,2,3,2050,770,2013,1923,3958 S Lucile St,Seattle,WA 98118,USA
389250.0,2,1,1490,4080,1,3,930,560,1956,2001,3738 SW Ida St,Seattle,WA 98126,USA
315000.0,3,1,1750,12500,1,3,1150,600,1954,2005,32901 SE 43rd St,Fall City,WA 98024,USA
550000.0,3,1,1900,5000,1,3,1640,260,1926,2003,6810 31st Ave NE,Seattle,WA 98115,USA
415000.0,3,1,1910,12596,1,3,1340,570,1977,2004,15505 180 Ave NE,Woodinville,WA 98072,USA
432000.0,3,1,1470,6250,1,4,1070,400,1939,1989,3715 NE 153rd St,Lake Forest Park,WA 98155,USA
1035000.0,4,3,3450,11240,2,4,2430,1020,1960,2001,Indian Trail,Burien,WA 98166,USA
1300000.0,4,4,4270,6002,2,3,3180,1090,2004,2003,1645 30th Ave NE,Issaquah,WA 98029,USA
1150000.0,3,1,2170,16600,1,3,1130,1040,1979,2014,2244 West Lake Sammamish Pkwy NE,Redmond,WA 98052,USA
920000.0,4,2,2880,5750,1,5,1710,1170,1928,1970,1718 44th Ave SW,Seattle,WA 98116,USA
200000.0,2,1,1730,9610,1,3,1380,350,1962,2003,34033 39th Ave S,Auburn,WA 98001,USA
185000.0,3,1,1840,8100,1,4,920,920,1953,1983,16433 12th Ave SW,Burien,WA 98166,USA
660000.0,3,1,1980,3300,1,4,1140,840,1926,1993,6040 27th Ave NE,Seattle,WA 98115,USA
805000.0,5,2,4600,19831,1,3,2300,2300,1956,2013,18015 15th Ave NW,Shoreline,WA 98177,USA
739000.0,4,3,2720,3800,2,5,1800,920,1919,1934,6326 20th Ave NE,Seattle,WA 98115,USA
452000.0,2,1,1740,5400,1,4,990,750,1946,1989,9411 44th Pl NE,Seattle,WA 98115,USA
450000.0,3,1,1640,13500,1,3,1110,530,1940,1996,12016 23rd Ave NE,Seattle,WA 98125,USA
1635000.0,5,3,4220,26784,1,3,2110,2110,1958,2006,400 Detwiller Ln,Bellevue,WA 98004,USA
288350.0,3,1,1860,7963,1,3,1200,660,1963,2008,5162 S 170th St,Tukwila,WA 98188,USA
1150000.0,3,2,2850,10474,1,4,1730,1120,1954,1979,9824 NE 13th St,Bellevue,WA 98004,USA
440000.0,3,1,2240,8153,1,3,1120,1120,1948,1994,13749 1st Ave NE,Seattle,WA 98125,USA
831000.0,4,2,2030,3905,1,4,1630,400,1926,1993,3912 Ashworth Ave N,Seattle,WA 98103,USA
980000.0,4,2,2730,4800,1,5,2230,500,1909,1988,2518 1st Ave W,Seattle,WA 98119,USA
625000.0,3,1,2210,16200,1,3,1390,820,1958,2004,2022 123rd Ave SE,Bellevue,WA 98005,USA
489000.0,3,3,1500,1249,2,3,1240,260,2004,2003,6008 14th Ave NW,Seattle,WA 98107,USA
398000.0,3,2,1720,1715,2,3,1240,480,2004,2003,6006 41st Ave SW,Seattle,WA 98136,USA
225000.0,3,1,1760,26055,1,3,920,840,1979,2014,18035 SE 262nd Pl,Covington,WA 98042,USA
569000.0,5,3,3670,10583,1,5,2060,1610,1952,1998,5011 NE 180th St,Lake Forest Park,WA 98155,USA
345000.0,3,1,1540,6909,1,4,920,620,1955,2009,16000-16098 15th Ave NE,Shoreline,WA 98155,USA
558000.0,4,2,2180,3870,1,3,1020,1160,1900,2005,729 23rd Ave,Seattle,WA 98122,USA
335000.0,3,1,2430,9133,1,4,1410,1020,1978,2000,4618 NE 22nd Pl,Renton,WA 98059,USA
253000.0,3,1,2040,7281,1,3,1020,1020,1962,2003,4056 S 151st St,Tukwila,WA 98188,USA
1240000.0,5,3,2830,7500,2,3,2460,370,1923,1998,4007 48th Ave NE,Seattle,WA 98105,USA
470000.0,3,1,2290,14800,1,3,1620,670,1965,1993,5319 NE 201st Pl,Lake Forest Park,WA 98155,USA
480000.0,4,1,2320,4322,1,3,1140,1180,1910,2006,3149 35th Ave S,Seattle,WA 98144,USA
659500.0,3,1,1820,5500,1,4,1620,200,1957,2001,4115 NE 62nd St,Seattle,WA 98115,USA
268000.0,2,1,1380,5000,1,3,870,510,1943,2002,3010 S Holden St,Seattle,WA 98108,USA
380000.0,4,1,1680,11123,1,3,1130,550,1959,1989,236 NW 176th Pl,Shoreline,WA 98177,USA
499000.0,2,1,1220,3000,1,3,920,300,1926,2003,637 NW 74th St,Seattle,WA 98117,USA
1795000.0,5,3,5270,17232,2,3,4010,1260,1977,2003,5355 84th Pl SE,Mercer Island,WA 98040,USA
516200.0,3,2,2110,5150,1,5,1080,1030,1919,1934,4836 S Findlay St,Seattle,WA 98118,USA
870000.0,4,2,3340,12248,2,3,2470,870,1998,2006,1919 Fairmount Ave SW,Seattle,WA 98126,USA
429950.0,3,1,2010,9480,1,3,1570,440,1951,1994,11049 Sand Point Way NE,Seattle,WA 98125,USA
895000.0,5,2,2550,20875,1,4,1610,940,1953,1983,11034 NE 26th Pl,Bellevue,WA 98004,USA
310000.0,3,2,1780,6771,1,3,1230,550,1990,2009,8833 14th Ave SW,Seattle,WA 98106,USA
750000.0,5,3,2750,7500,2,3,2150,600,1937,1997,10237 NE 64th St,Kirkland,WA 98033,USA
433000.0,3,1,1870,7189,1,3,1270,600,1959,1989,6811 51st Ave S,Seattle,WA 98118,USA
655275.0,3,1,2050,11856,1,3,1460,590,1962,2003,4040 134th Ave SE,Bellevue,WA 98006,USA
1180000.0,5,3,3630,6000,1,3,2470,1160,2004,2003,810 5th St,Kirkland,WA 98033,USA
566000.0,4,1,2440,5000,1,3,1340,1100,1954,2005,7328 12th Ave NW,Seattle,WA 98117,USA
680000.0,3,1,1760,8400,1,4,1460,300,1960,2001,7510 45th Ave SW,Seattle,WA 98136,USA
588000.0,4,2,1680,5000,1,3,980,700,1950,2005,7734 39th Ave NE,Seattle,WA 98115,USA
527000.0,2,1,1640,4080,1,3,840,800,1921,2000,4746 Thackeray Pl NE,Seattle,WA 98105,USA
800000.0,4,3,2690,4000,2,4,2120,570,1909,1989,2537 11th Ave W,Seattle,WA 98119,USA
515000.0,3,2,3370,19585,2,3,3200,170,1951,1994,15043 Densmore Ave N,Shoreline,WA 98133,USA
355000.0,1,1,750,20339,1,4,550,200,1946,1989,14128 W Lake Kathleen Dr SE,Renton,WA 98059,USA
386000.0,3,1,1270,1318,2,3,1080,190,2004,2003,3613 Gilman Ave W,Seattle,WA 98199,USA
335000.0,4,2,2030,13500,1,3,1230,800,1963,2008,20532 SE 159th St,Renton,WA 98059,USA
740000.0,4,2,2490,17833,2,3,1490,1000,1979,2014,12537 41st Ave NE,Seattle,WA 98125,USA
465000.0,4,1,1470,5350,1,3,980,490,1955,2005,10424 12th Ave NE,Seattle,WA 98125,USA
700000.0,3,2,2500,7378,1,5,1390,1110,1948,1985,10050 11th Ave NW,Seattle,WA 98177,USA
530000.0,3,1,1550,3680,1,3,1050,500,1927,2011,209 NW 73rd St,Seattle,WA 98117,USA
735000.0,4,1,2460,5100,1,5,1450,1010,1909,1988,6815 26th Ave NE,Seattle,WA 98115,USA
762400.0,3,1,2430,14607,1,3,1230,1200,1949,1970,4854 E Mercer Way,Mercer Island,WA 98040,USA
1325000.0,5,2,3200,20158,1,3,1600,1600,1965,1993,2154-2398 94th Ave NE,Clyde Hill,WA 98004,USA
445000.0,3,1,1050,5664,1,4,910,140,1947,1988,8244 40th Ave NE,Seattle,WA 98115,USA
575000.0,2,1,1510,4032,1,3,1310,200,1935,1974,2002 28th Ave W,Seattle,WA 98199,USA
599000.0,5,2,2820,4608,1,3,1450,1370,1967,2011,306 NW 82nd St,Seattle,WA 98117,USA
1184000.0,4,2,3200,7500,1,5,1860,1340,1948,1985,7344 50th Ave NE,Seattle,WA 98115,USA
445000.0,5,1,2460,6846,1,5,1340,1120,1911,1984,6444 Carleton Ave S,Seattle,WA 98108,USA
448000.0,2,1,1630,3780,1,4,890,740,1940,2001,3441 NW 59th St,Seattle,WA 98107,USA
670000.0,3,2,2050,6420,1,3,1730,320,1956,2001,5625 SW Orleans St,Seattle,WA 98116,USA
440000.0,3,1,1710,6556,1,4,1200,510,1926,1993,12220 Phinney Ave N,Seattle,WA 98133,USA
294000.0,4,2,2210,8465,1,3,1490,720,1990,2009,512 47th St SE,Auburn,WA 98092,USA
656500.0,4,2,2710,4750,1,4,1460,1250,1919,1985,6326 21st Ave NE,Seattle,WA 98115,USA
430000.0,4,1,1890,6000,1,4,1110,780,1947,1988,13524 22nd Ave NE,Seattle,WA 98125,USA
285000.0,3,1,1840,8601,1,3,920,920,1905,2014,7339 46th Ave S,Seattle,WA 98118,USA
1030000.0,4,2,2750,4800,2,3,1960,790,1905,2005,5700-5798 Wallingford Ave N,Seattle,WA 98103,USA
775000.0,4,2,3140,10875,1,3,1940,1200,1939,1969,3704 W Lawton St,Seattle,WA 98199,USA
1335000.0,5,2,4200,5800,2,4,2910,1290,1906,1990,1024 15th Ave E,Seattle,WA 98112,USA
499950.0,3,1,1830,3000,1,3,1430,400,1926,2003,611 N 46th St,Seattle,WA 98103,USA
250600.0,4,2,1930,8660,1,3,1120,810,1981,2013,2025 W St NW,Auburn,WA 98001,USA
369500.0,3,1,1650,9957,1,4,1100,550,1961,2001,14001 28th Ave NE,Seattle,WA 98125,USA
615000.0,3,1,2350,20820,1,4,1800,550,1978,2000,7-19 210th Pl NE,Sammamish,WA 98074,USA
459950.0,3,1,1850,6869,1,5,1100,750,1919,1934,2221 SW 154th St,Burien,WA 98166,USA
475000.0,3,2,1580,12177,1,3,1200,380,1981,2013,22013 NE 18th St,Sammamish,WA 98074,USA
760000.0,4,2,2420,10285,1,3,1700,720,1958,2004,12849 Shorecrest Dr SW,Burien,WA 98146,USA
1120000.0,5,1,2540,6660,2,4,2340,200,1954,1979,9827 47th Ave SW,Seattle,WA 98136,USA
589000.0,3,2,2250,8800,1,4,1250,1000,1925,1968,3406 60th Ave SW,Seattle,WA 98116,USA
538000.0,3,1,1460,7200,1,3,1260,200,1906,2014,8018 Wallingford Ave N,Seattle,WA 98103,USA
530100.0,3,1,1540,3399,1,3,1200,340,1926,2003,123 NW 78th St,Seattle,WA 98117,USA
718500.0,3,2,2910,6600,2,4,1920,990,1900,1988,3959 S Ferdinand St,Seattle,WA 98118,USA
556000.0,3,1,1640,7437,1,3,1090,550,1948,1994,7736 38th Ave SW,Seattle,WA 98126,USA
171000.0,4,2,1520,19672,1,3,1020,500,1920,1979,15014 42nd Ave S,Tukwila,WA 98188,USA
397500.0,3,2,1510,6710,1,3,1070,440,1972,2002,9325 NE 133rd St,Kirkland,WA 98034,USA
520500.0,3,2,1900,8100,1,4,950,950,1940,2001,834 NE 97th St,Seattle,WA 98115,USA
506000.0,5,3,2430,8000,1,4,1370,1060,1957,2001,16437 SE 8th St,Bellevue,WA 98008,USA
460000.0,3,1,1550,4708,1,4,860,690,1949,1985,6503 39th Ave NE,Seattle,WA 98115,USA
1735000.0,4,2,3040,5000,2,4,2080,960,1926,1993,3907 47th Ave NE,Seattle,WA 98105,USA
763101.0,3,1,1990,5560,1,4,1100,890,1939,1989,4811-4815 38th Ave NE,Seattle,WA 98105,USA
460000.0,2,1,1090,4000,1,3,970,120,1951,1994,2646 48th Ave SW,Seattle,WA 98116,USA
295000.0,3,1,1770,8235,1,3,1030,740,1960,2012,455 S 190th St,Burien,WA 98148,USA
418000.0,4,3,2360,6250,1,3,1460,900,1960,2012,9957 Rainier Ave S,Seattle,WA 98118,USA
375000.0,4,2,1240,3000,1,3,1040,200,1908,1988,549 27th Ave,Seattle,WA 98122,USA
332000.0,1,1,960,2640,1,3,760,200,1908,1988,2919 E Harrison St,Seattle,WA 98112,USA
660000.0,6,1,1840,2774,1,3,1060,780,1900,2005,220 17th Ave,Seattle,WA 98122,USA
470000.0,3,1,1760,6723,1,3,1160,600,1958,2004,5624 Wilson Ave S,Seattle,WA 98118,USA
460000.0,2,1,890,2100,1,4,760,130,1919,1985,4008 2nd Ave NW,Seattle,WA 98107,USA
1712500.0,3,3,2940,5432,3,4,2440,500,1978,2000,150 Highland Dr,Seattle,WA 98109,USA
552000.0,3,1,1120,2300,1,4,820,300,1912,1989,7002 22nd Ave NW,Seattle,WA 98117,USA
518000.0,4,2,1740,7500,1,4,1220,520,1976,1992,10342 162nd Pl NE,Redmond,WA 98052,USA
373000.0,3,1,1770,5720,1,4,1140,630,1926,1993,5232 36th Ave SW,Seattle,WA 98126,USA
245000.0,2,1,1200,4880,1,3,980,220,1943,2002,8421 8th Ave SW,Seattle,WA 98106,USA
378000.0,5,2,2760,8015,1,4,1600,1160,1960,2001,13327 30th Ave NE,Seattle,WA 98125,USA
921000.0,4,1,2220,9496,1,4,1490,730,1954,1979,1431 102nd Ave NE,Bellevue,WA 98004,USA
335000.0,3,1,2040,6000,1,3,1340,700,1957,2000,9055 37th Ave S,Seattle,WA 98118,USA
1920000.0,4,2,3070,34412,1,4,2070,1000,1950,1983,3257 Evergreen Point Rd,Medina,WA 98039,USA
798800.0,3,2,2670,3738,1,3,1720,950,2013,1923,1009-1225 N 41st Pl,Renton,WA 98056,USA
560000.0,5,1,1710,9100,1,4,1320,390,1926,1993,7226 36th Ave SW,Seattle,WA 98126,USA
405000.0,3,1,1880,7400,1,3,1480,400,1968,1997,5471 NE 200th Pl,Lake Forest Park,WA 98155,USA
870000.0,4,4,3010,4887,2,4,1940,1070,1951,1996,8770 Sand Point Way NE,Seattle,WA 98115,USA
260000.0,3,1,1440,12888,1,3,1090,350,1958,2004,14710 57th Ave S,Tukwila,WA 98168,USA
547000.0,4,1,1720,2800,1,4,1200,520,1926,1993,6211 27th Ave NE,Seattle,WA 98115,USA
479000.0,2,2,1230,932,2,3,1020,210,2004,2003,106 24th Ave E,Seattle,WA 98112,USA
506000.0,3,1,2180,7700,1,3,1480,700,1961,2004,17922 3rd Ave NW,Shoreline,WA 98177,USA
269500.0,2,1,1480,7276,1,4,940,540,1978,2000,680 Shelton Ave NE,Renton,WA 98056,USA
402000.0,3,1,1450,7375,1,3,1010,440,1968,1997,13420 121st Ave NE,Kirkland,WA 98034,USA
1538000.0,3,2,2880,7599,1,3,1710,1170,1958,2002,1806 10th Pl W,Kirkland,WA 98033,USA
2027000.0,4,3,4100,22798,1,5,2540,1560,1934,1979,4520 E Mercer Way,Mercer Island,WA 98040,USA
1728000.0,4,3,3700,20570,1,4,1850,1850,1976,1992,1206 86th Ave NE,Bellevue,WA 98004,USA
720000.0,4,2,2650,11520,2,3,2110,540,1988,2000,11433 NE 91st St,Kirkland,WA 98033,USA
824000.0,7,4,3670,4000,2,3,2800,870,1964,2000,2341 W Crockett St,Seattle,WA 98199,USA
475000.0,3,1,1700,8432,1,3,1230,470,1977,2004,1027B NE 130th St,Seattle,WA 98125,USA
711000.0,4,1,1980,10800,1,5,990,990,1948,1985,3712 88th Ave SE,Mercer Island,WA 98040,USA
253779.0,4,2,2030,9600,1,3,1430,600,1947,2012,4821 S 175th St,SeaTac,WA 98188,USA
265000.0,4,1,2050,7100,1,3,1050,1000,1963,2008,29140 43rd Ave S,Auburn,WA 98001,USA
310000.0,4,2,2660,12672,1,4,1740,920,1960,2001,820 S 300th St,Federal Way,WA 98003,USA
1400000.0,3,2,2020,5500,1,3,1790,230,1937,1999,2340 Magnolia Blvd W,Seattle,WA 98199,USA
410000.0,4,2,1970,10500,1,3,1820,150,1961,2004,13666 17th Ave SW,Burien,WA 98166,USA
469000.0,5,2,2240,7543,1,3,1140,1100,1966,1963,20216 12th Ave NW,Shoreline,WA 98177,USA
424000.0,3,2,1670,7700,1,3,1170,500,1972,2002,10526 NE 139th St,Kirkland,WA 98034,USA
554000.0,5,2,1870,11411,1,4,1170,700,1961,2001,15871 37th Ave NE,Lake Forest Park,WA 98155,USA
465000.0,3,1,1510,4800,1,3,860,650,1925,2011,3040 SW Avalon Way,Seattle,WA 98126,USA
378750.0,3,2,2160,3000,1,3,1260,900,1909,2011,3508 S Genesee St,Seattle,WA 98118,USA
380000.0,4,2,2150,20181,1,3,1090,1060,1963,2008,18507 71st Ave NE,Kenmore,WA 98028,USA
186000.0,3,2,1340,4320,1,3,920,420,1912,1993,119 10th St SE,Auburn,WA 98002,USA
248000.0,4,2,2080,13510,1,3,1040,1040,1950,2005,6105 S 124th St,Seattle,WA 98178,USA
899000.0,4,2,2370,6000,1,3,1440,930,1959,1989,2411 NW Blue Ridge Dr,Seattle,WA 98177,USA
385000.0,3,1,2310,11200,1,4,1630,680,1978,2000,26525 Woodland Way S,Kent,WA 98030,USA
232500.0,3,1,1320,8450,1,3,880,440,1961,2004,30606 2nd Ave SW,Federal Way,WA 98023,USA
240000.0,4,2,1790,14690,1,4,1670,120,1960,2001,1009 S 229th Pl,Des Moines,WA 98198,USA
680000.0,6,2,1670,3000,1,5,900,770,1911,1984,4718 11th Ave NE,Seattle,WA 98105,USA
1240000.0,4,3,3820,13224,2,3,3280,540,1990,2009,1037 106th Ave SE,Bellevue,WA 98004,USA
850000.0,2,1,1590,5136,1,3,1320,270,1927,2011,2505 42nd Ave W,Seattle,WA 98199,USA
390000.0,3,2,1600,10240,1,3,1090,510,1979,2014,14102 81st Pl NE,Kirkland,WA 98034,USA
750000.0,3,3,3390,10078,2,3,3040,350,2012,1912,11619 SE 73rd Pl,Newcastle,WA 98059,USA
441000.0,3,2,1910,7280,1,3,1160,750,1979,2014,14413 88th Ave NE,Kirkland,WA 98034,USA
1950000.0,7,3,4640,15235,2,3,2860,1780,1965,2003,8105 SE 44th St,Mercer Island,WA 98040,USA
395000.0,3,1,1500,4000,1,3,900,600,1925,2002,8548 18th Ave NW,Seattle,WA 98117,USA
450000.0,3,2,1430,3480,1,3,980,450,1947,2012,8012 Wallingford Ave N,Seattle,WA 98103,USA
480000.0,4,1,2080,5500,1,3,1040,1040,1941,1994,7520 Jones Ave NW,Seattle,WA 98117,USA
380000.0,3,1,1520,4288,1,3,1020,500,1949,1998,4218 SW Sullivan St,Seattle,WA 98136,USA
665900.0,4,2,2870,5453,2,4,2220,650,1926,1993,10030 44th Ave SW,Seattle,WA 98146,USA
455000.0,4,2,2450,21000,1,4,1650,800,1954,1979,16406 8th Ave SW,Burien,WA 98166,USA
279000.0,4,2,2200,7700,1,3,1100,1100,1979,2014,1809 Glenwood Ave SE,Renton,WA 98058,USA
412000.0,2,1,1260,3960,1,3,690,570,1925,2002,8329 27th Ave NW,Seattle,WA 98117,USA
436500.0,5,3,3110,12429,1,3,1790,1320,1977,2004,16021-16299 Waynita Way NE,Bothell,WA 98011,USA
681500.0,5,2,3260,11700,1,3,1630,1630,1964,2000,17813 NE 8th Pl,Bellevue,WA 98008,USA
1300000.0,5,4,3366,7800,2,3,2966,400,1937,1999,2617 W Barrett St,Seattle,WA 98199,USA
995000.0,4,4,3850,13551,2,3,3000,850,1998,2006,5659 178th Ave SE,Bellevue,WA 98006,USA
425000.0,3,2,1790,10209,1,3,1290,500,1967,2011,16544 189th Ave NE,Woodinville,WA 98072,USA
869000.0,4,3,3740,30884,2,3,3060,680,1988,2000,16534 NE 169th Pl,Woodinville,WA 98072,USA
355000.0,2,1,1240,27042,1,3,1000,240,1943,2002,11516 103rd Ave SW,Vashon,WA 98070,USA
420000.0,5,2,2280,10319,1,3,1300,980,1959,1989,504 NW 175th Ct,Shoreline,WA 98177,USA
488800.0,4,2,2170,9665,1,4,1300,870,1976,1992,6438 131st Ave SE,Bellevue,WA 98006,USA
489000.0,4,2,2120,11479,1,4,1060,1060,1940,2001,10822-10830 24th Ave NE,Seattle,WA 98125,USA
1240000.0,7,5,6630,13782,2,3,4930,1700,2004,2003,16659 SE 69th Way,Bellevue,WA 98006,USA
359900.0,5,2,2290,7420,1,3,1290,1000,1973,2013,13038 SE 184th Pl,Renton,WA 98058,USA
420000.0,5,3,2630,3149,2,3,1670,960,2013,1923,3608 NE Sunset Blvd,Renton,WA 98056,USA
1100000.0,3,2,2200,20000,1,3,1400,800,1952,2008,3244 112th Ave SE,Bellevue,WA 98004,USA
418000.0,4,1,1550,9176,1,3,1000,550,1956,2001,1015 158th Pl SE,Bellevue,WA 98008,USA
750000.0,3,1,2610,5544,1,3,1680,930,1934,1978,7523 Mary Ave NW,Seattle,WA 98117,USA
565000.0,2,1,1330,6000,1,4,960,370,1914,1945,3009 W Emerson St,Seattle,WA 98199,USA
874150.0,4,3,3530,14406,2,3,2570,960,1987,2000,7321 NE 120th St,Kirkland,WA 98034,USA
500000.0,4,2,2040,8400,1,3,1420,620,1963,2008,5803 129th Ave SE,Bellevue,WA 98006,USA
440000.0,3,1,1560,7207,1,3,1250,310,1983,2009,8919 NE 142nd Way,Kirkland,WA 98034,USA
350000.0,7,3,2800,9569,1,3,1400,1400,1963,2008,2023 Harrington Pl NE,Renton,WA 98056,USA
449000.0,4,2,1850,5040,1,3,1230,620,1930,2013,7117 31st Ave SW,Seattle,WA 98126,USA
420000.0,3,2,1200,5029,1,3,880,320,1937,1999,3049 NE 90th St,Seattle,WA 98115,USA
345100.0,3,3,1950,8625,1,3,1360,590,1959,1989,10636 60th Ave S,Seattle,WA 98178,USA
458500.0,3,2,1890,1599,2,3,1430,460,2012,1912,6539 41st Ave SW,Seattle,WA 98136,USA
495000.0,3,2,2950,12196,2,4,2310,640,1918,1974,2433 SW 149th St,Burien,WA 98166,USA
399950.0,3,1,1560,5223,1,4,810,750,1940,2001,3630 NE 123rd St,Seattle,WA 98125,USA
269500.0,3,1,1840,7412,1,4,1240,600,1976,1992,23309 115th Pl SE,Kent,WA 98031,USA
442500.0,3,1,1600,10280,1,3,1050,550,1977,2004,13832 125th Ave NE,Kirkland,WA 98034,USA
235000.0,4,1,1450,8891,1,3,1180,270,1962,2003,4414 S 140th St,Tukwila,WA 98168,USA
346000.0,3,1,1270,8100,1,3,880,390,1950,2005,651 SW 134th St,Burien,WA 98146,USA
290000.0,3,1,1150,8145,1,4,990,160,1932,1958,16232 11th Ave NE,Shoreline,WA 98155,USA
396500.0,3,1,2390,7149,1,3,1350,1040,1955,2005,13040 3rd Ave NE,Seattle,WA 98125,USA
502000.0,6,2,2890,8122,1,3,1630,1260,1977,2004,2413 171 Ave SE,Bellevue,WA 98008,USA
415000.0,4,2,2170,8518,1,3,1350,820,1955,2005,10842 Garden Pl S,Seattle,WA 98178,USA
450000.0,4,1,2160,4333,1,4,1260,900,1942,1982,8309 24th Ave NW,Seattle,WA 98117,USA
400000.0,4,1,1700,20283,1,3,1340,360,1965,1993,19744 324th Ave NE,Duvall,WA 98019,USA
750000.0,3,2,1820,5000,1,4,1720,100,1941,1998,2160 50th Ave SW,Seattle,WA 98116,USA
569000.0,4,2,1730,3884,1,5,1060,670,1924,1956,720 N 46th St,Seattle,WA 98103,USA
800000.0,4,3,3520,4895,1,3,1980,1540,1954,2005,301 NW 54th St,Seattle,WA 98107,USA
715000.0,4,2,2650,30500,1,4,1680,970,1960,2001,23264 SE 54th Pl,Issaquah,WA 98029,USA
449500.0,3,2,1780,7280,1,3,1340,440,1972,2002,9413 NE 137th St,Kirkland,WA 98034,USA
403500.0,3,1,1830,8004,1,3,1200,630,1960,2012,13337 30th Ave NE,Seattle,WA 98125,USA
664950.0,5,3,3190,7081,1,3,1890,1300,2013,1923,7528 S Laurel St,Seattle,WA 98178,USA
515000.0,5,3,2910,5027,2,3,2040,870,2013,1923,1920C SW Brandon St,Seattle,WA 98106,USA
438000.0,3,1,1520,6380,1,3,790,730,1948,1994,2302 NE 91st St,Seattle,WA 98115,USA
367500.0,3,1,1660,11783,1,4,1160,500,1978,2000,17619 197th Ave NE,Woodinville,WA 98077,USA
762500.0,4,2,2610,8760,1,4,1760,850,1978,2000,8208 SE 26th St,Mercer Island,WA 98040,USA
530000.0,2,1,1580,3680,1,3,1280,300,1941,1994,3036-3040 36th Ave SW,Seattle,WA 98126,USA
615000.0,2,1,1270,5000,1,3,1090,180,1949,1998,7407-7411 28th Ave NW,Seattle,WA 98117,USA
314900.0,4,1,2700,27072,1,3,1380,1320,1958,2004,34901-35199 Weyerhaeuser Way S,Federal Way,WA 98003,USA
339000.0,4,2,2470,5080,1,3,1970,500,1948,1988,7936 10th Ave SW,Seattle,WA 98106,USA
751000.0,4,3,3090,9571,2,3,2370,720,2004,2003,11719 157th Ave NE,Redmond,WA 98052,USA
339000.0,3,1,1100,4128,1,4,720,380,1942,1982,8202 37th Ave SW,Seattle,WA 98126,USA
258000.0,3,1,1490,7435,1,3,1120,370,1969,2010,26000-26198 Woodmont Dr S,Des Moines,WA 98198,USA
455000.0,2,1,1200,1259,2,3,1000,200,2013,1923,301 27th Ave S,Seattle,WA 98144,USA
440000.0,3,1,2000,9900,1,4,1480,520,1957,2001,17705 3rd Pl SW,Normandy Park,WA 98166,USA
336500.0,3,1,1480,7284,1,3,970,510,1963,2008,608 N 202nd St,Shoreline,WA 98133,USA
343500.0,4,1,1760,6204,1,4,1180,580,1950,1983,11008 Auburn Ave S,Seattle,WA 98178,USA
289000.0,3,2,1970,9607,2,3,1090,880,1988,2000,28426 37th Ave S,Auburn,WA 98001,USA
599000.0,5,2,2730,22572,1,3,2080,650,1968,1992,22631 SE 18th Pl,Sammamish,WA 98075,USA
850000.0,4,3,3330,4000,1,3,1790,1540,1958,2004,4015 Midvale Ave N,Seattle,WA 98103,USA
575000.0,3,2,2400,5000,1,4,1440,960,1926,1993,8322 28th Ave NW,Seattle,WA 98117,USA
890000.0,4,1,2550,4000,2,3,2370,180,1905,2010,1816 2nd Ave N,Seattle,WA 98109,USA
995000.0,3,4,4380,47044,2,3,3720,660,1968,1990,14423 25th Ave SW,Burien,WA 98166,USA
352000.0,4,1,1530,8890,1,3,980,550,1925,2002,7940 12th Ave SW,Seattle,WA 98106,USA
597326.0,4,4,3570,8250,2,3,2860,710,2013,1923,8416 SE 36th St,Mercer Island,WA 98040,USA
562100.0,2,0,1440,3700,1,3,1200,240,1914,1996,5641-5645 6th Ave NW,Seattle,WA 98107,USA
905000.0,5,3,3100,10200,1,3,1660,1440,1970,2014,408 172nd Pl NE,Bellevue,WA 98008,USA
657000.0,4,2,2180,3375,1,4,1420,760,1926,1993,7615 3rd Ave NW,Seattle,WA 98117,USA
386000.0,4,2,2050,9583,2,3,1770,280,1965,1993,22500-22614 16th Ave S,Des Moines,WA 98198,USA
575000.0,3,2,1700,3333,1,3,1100,600,1924,2011,6720 4th Ave NW,Seattle,WA 98117,USA
500000.0,3,1,1190,4750,1,3,970,220,1940,1996,2226 NW 60th St,Seattle,WA 98107,USA
330000.0,6,2,3040,28535,1,3,1890,1150,1951,1994,614 Hazel Ave N,Kent,WA 98030,USA
450000.0,3,1,2330,11740,1,3,1330,1000,1954,2005,16359 35th Ave NE,Lake Forest Park,WA 98155,USA
245700.0,3,2,1640,8400,1,3,1180,460,1968,1997,25425 34th Pl S,Kent,WA 98032,USA
650000.0,4,2,1910,16532,1,4,1420,490,1940,2001,9025 26th Ave NW,Seattle,WA 98117,USA
530000.0,5,2,2140,7910,1,3,1070,1070,1962,2003,227 152nd Pl SE,Bellevue,WA 98007,USA
1700000.0,5,3,5850,22885,2,4,4670,1180,1978,2000,9625-9701 SE 5th St,Bellevue,WA 98004,USA
270000.0,2,1,2060,8398,1,3,1260,800,1962,2003,10447 8th Ave S,Seattle,WA 98168,USA
450000.0,4,2,2310,5650,1,3,1330,980,1952,2012,9853 Arrowsmith Ave S,Seattle,WA 98118,USA
346500.0,2,1,1610,6300,1,3,1010,600,1941,1994,5404 Columbia Dr S,Seattle,WA 98108,USA
260000.0,3,1,1580,8184,1,3,1140,440,1954,2005,19307 4th Ave S,Des Moines,WA 98148,USA
625000.0,5,2,2700,21208,1,4,1950,750,1955,2009,13987 SE 2nd St,Bellevue,WA 98005,USA
585000.0,4,2,2890,6825,1,3,1560,1330,1973,2013,11826 NE 145th St,Kirkland,WA 98034,USA
460000.0,3,2,1730,8490,1,3,1210,520,1969,2010,9037 NE 132nd Pl,Kirkland,WA 98034,USA
775000.0,3,2,2850,14800,1,4,1920,930,1976,1992,4904 145th Ave SE,Bellevue,WA 98006,USA
620000.0,6,3,3600,6875,2,3,2740,860,2004,2003,6731 Silent Creek Ave SE,Snoqualmie,WA 98065,USA
435000.0,4,2,2110,8751,1,3,1510,600,1962,2003,18447-18509 94th Ave NE,Bothell,WA 98011,USA
460000.0,4,2,2550,19017,1,4,1300,1250,1961,2001,19259-19499 40th Pl NE,Lake Forest Park,WA 98155,USA
440000.0,4,2,2160,7826,1,4,1390,770,1976,1992,20111 47th Ave NE,Lake Forest Park,WA 98155,USA
270000.0,4,2,2600,9900,1,3,1600,1000,1965,1993,7703 S 128th St,Seattle,WA 98178,USA
755000.0,4,2,2880,4000,1,3,2100,780,1912,2000,2101 31st Ave S,Seattle,WA 98144,USA
450000.0,2,1,840,3340,1,3,700,140,1912,1994,5516 2nd Ave NW,Seattle,WA 98107,USA
815000.0,4,2,2620,4743,1,4,1310,1310,1949,1985,3311 NW 75th St,Seattle,WA 98117,USA
638000.0,3,2,1660,3729,1,5,970,690,1922,1956,6318 SW Marguerite Ct,Seattle,WA 98116,USA
600000.0,3,2,3240,8016,2,3,2910,330,2004,2003,35019 SE Curtis Dr,Snoqualmie,WA 98065,USA
253500.0,3,1,1640,12384,1,4,1090,550,1954,1979,2628 S 309th St,Federal Way,WA 98003,USA
150000.0,3,1,1310,9612,1,3,960,350,1962,2003,34025 39th Ave S,Auburn,WA 98001,USA
440000.0,3,1,2120,6290,1,4,1220,900,1949,1985,4231 Powell Pl S,Seattle,WA 98108,USA
1388000.0,4,3,4040,20001,1,3,2020,2020,1972,2001,3418 96th Ave NE,Clyde Hill,WA 98004,USA
1387800.0,3,3,2480,5500,2,3,1730,750,1950,2005,2855 36th Ave W,Seattle,WA 98199,USA
827000.0,4,2,3230,12100,1,3,1870,1360,1977,2004,4613 146th Pl SE,Bellevue,WA 98006,USA
235000.0,5,2,2500,9583,1,3,1300,1200,1979,2014,1630 S 231st Pl,Des Moines,WA 98198,USA
370000.0,3,1,2380,14500,1,4,1850,530,1961,2001,6340 NE 196th St,Kenmore,WA 98028,USA
663000.0,3,2,1480,3876,1,5,860,620,1928,1970,7028 20th Ave NW,Seattle,WA 98117,USA
672500.0,3,2,2400,5300,1,4,1250,1150,1939,1989,8022 22nd Ave NW,Seattle,WA 98117,USA
417000.0,4,2,2300,7700,1,3,1380,920,1959,1989,535 NE 117th St,Seattle,WA 98125,USA
561500.0,3,1,1960,6380,1,4,980,980,1939,1989,1035 NE 95th St,Seattle,WA 98115,USA
755000.0,5,2,3260,24300,1,4,2310,950,1950,1983,5121 NE 180th St,Lake Forest Park,WA 98155,USA
523460.0,5,1,1890,5000,1,3,1090,800,1906,2014,1126 NW 58th St,Seattle,WA 98107,USA
342000.0,3,1,1780,10409,1,3,1280,500,1981,2013,15634 129th Pl SE,Renton,WA 98058,USA
718500.0,3,1,1200,6240,1,3,1030,170,1952,2008,326 36th Ave E,Seattle,WA 98112,USA
475000.0,3,2,1700,9100,1,3,1160,540,1998,2006,7318 36th Ave SW,Seattle,WA 98126,USA
669500.0,4,2,2500,4046,1,4,1520,980,1940,2001,8044 20th Ave NW,Seattle,WA 98117,USA
491950.0,3,2,2090,10733,1,3,1440,650,1958,2004,4401 NE 95th St,Seattle,WA 98115,USA
535000.0,3,1,1580,6300,1,3,1180,400,1925,2002,2108 W Bertona St,Seattle,WA 98199,USA
441000.0,2,1,1190,3400,1,3,990,200,1919,2001,6008 8th Ave NE,Seattle,WA 98115,USA
1925000.0,5,4,4830,8050,2,4,3710,1120,1914,1945,2653 Cascadia Ave S,Seattle,WA 98144,USA
408000.0,5,3,2820,6589,1,3,2320,500,1906,2014,7403 48th Ave S,Seattle,WA 98118,USA
480000.0,4,3,2440,9664,2,3,1890,550,1981,2013,18713 66th Ave NE,Kenmore,WA 98028,USA
255000.0,2,1,1320,9967,1,3,940,380,1919,2001,3822 Martin Luther King Jr Way S,Seattle,WA 98108,USA
850000.0,3,2,2650,2387,2,3,1830,820,1920,1979,408 W Lee St,Seattle,WA 98119,USA
265000.0,2,2,1860,10856,1,3,1260,600,1952,2008,11263-11611 Beacon Ave S,Seattle,WA 98178,USA
570000.0,3,2,1890,29185,1,3,1470,420,1949,2013,12933 SE 46th Ln,Bellevue,WA 98006,USA
1309500.0,4,2,2680,12215,1,3,1590,1090,1956,2001,18051 Normandy Terrace SW,Normandy Park,WA 98166,USA
765000.0,5,3,2870,5700,1,3,1950,920,1964,2000,4520 Sunnyside Ave N,Seattle,WA 98103,USA
492650.0,4,1,2120,9786,1,3,1640,480,1967,2011,520 NW 201st Pl,Shoreline,WA 98177,USA
330000.0,3,2,1680,11312,1,3,1080,600,1959,1989,10843-10857 8th Ave SW,Seattle,WA 98146,USA
500000.0,2,1,950,4500,1,3,850,100,1926,2003,4024 Phinney Ave N,Seattle,WA 98103,USA
507500.0,3,1,1990,9594,1,3,1190,800,1977,2004,15311 NE 62nd Ct,Redmond,WA 98052,USA
1080000.0,3,2,3890,7216,2,3,3260,630,1967,2010,5226 S Morgan St,Seattle,WA 98118,USA
1695000.0,4,2,3770,10900,2,5,3070,700,1924,1956,3333 S Plum St,Seattle,WA 98144,USA
590000.0,3,2,1410,6413,1,4,910,500,1947,1988,7264 27th Ave NE,Seattle,WA 98115,USA
695000.0,3,2,2500,4080,1,5,1680,820,1922,1956,922 N 72nd St,Seattle,WA 98103,USA
660000.0,3,2,2570,28500,1,3,1970,600,1983,2009,15031 NE 144th St,Redmond,WA 98052,USA
300000.0,3,2,2090,9620,1,3,1340,750,1987,2000,36529 2nd Ave SW,Federal Way,WA 98023,USA
600000.0,5,2,2980,7781,1,3,1580,1400,1960,2012,4531 NE 106th St,Seattle,WA 98125,USA
392000.0,5,2,3740,32481,1,3,2240,1500,1958,2004,22835 16th Ave S,Des Moines,WA 98198,USA
620000.0,4,3,2130,6325,1,5,1440,690,1948,1985,4002 50th Ave SW,Seattle,WA 98116,USA
260000.0,3,2,1920,9680,1,4,1300,620,1961,2001,10904 SE 212th St,Kent,WA 98031,USA
1565000.0,4,2,2970,12750,1,4,2130,840,1918,1986,9563 NE 1st St,Bellevue,WA 98004,USA
2367000.0,3,2,3530,17450,1,3,1840,1690,1930,1993,7436 E Mercer Way,Mercer Island,WA 98040,USA
476000.0,4,3,2890,6885,1,3,1590,1300,1945,2013,6516 43rd Ave NE,Seattle,WA 98115,USA
525000.0,2,2,1160,1458,2,3,1040,120,2012,1912,2067 Gilman Dr W,Seattle,WA 98119,USA
512031.0,3,1,1540,3000,1,3,770,770,1920,1979,6528 3rd Ave NW,Seattle,WA 98117,USA
1075000.0,3,2,3280,10302,1,3,1680,1600,1970,2014,3842 NE 92nd St,Seattle,WA 98115,USA
255000.0,4,2,2430,8960,1,3,1430,1000,1960,2012,8019 S 117th St,Seattle,WA 98178,USA
453000.0,3,2,1660,15050,1,3,1260,400,1983,2009,13417 110th Pl NE,Kirkland,WA 98034,USA
895000.0,4,2,1950,5950,1,3,1330,620,1947,2012,2220 5th Ave N,Seattle,WA 98109,USA
519000.0,5,2,2570,13054,1,3,1470,1100,1950,1992,1316 SW 172nd St,Normandy Park,WA 98166,USA
535000.0,3,1,2330,12141,1,3,1390,940,1983,2009,14506 NE 184th Pl,Woodinville,WA 98072,USA
250000.0,3,2,1920,7738,1,3,1520,400,1965,1993,249 S 163rd Pl,Burien,WA 98148,USA
580000.0,3,2,1900,3960,1,3,1200,700,1905,2010,1121 27th Ave,Seattle,WA 98122,USA
185000.0,5,1,1590,6700,1,3,1090,500,1942,1999,10626 12th Ave SW,Seattle,WA 98146,USA
550000.0,4,2,2160,5005,1,3,1430,730,1987,2000,9417 25th Ave NE,Seattle,WA 98115,USA
305000.0,2,1,2160,12960,1,3,1360,800,1968,1997,14717 58th Ave S,Tukwila,WA 98168,USA
782000.0,2,1,1570,3600,1,4,1320,250,1906,1990,1922 5th Ave W,Seattle,WA 98119,USA
723000.0,4,2,2430,4748,1,3,1630,800,1928,1954,1503 45th Ave SW,Seattle,WA 98116,USA
262000.0,5,1,1870,7800,1,3,1580,290,1962,2003,903 S 101st St,Seattle,WA 98168,USA
2147500.0,3,3,4660,5500,2,5,3040,1620,1909,1988,2826 10th Ave E,Seattle,WA 98102,USA
305000.0,3,1,1580,7424,1,3,1010,570,1962,2003,12633 SE 158th St,Renton,WA 98058,USA
915000.0,3,4,3850,62726,2,3,3120,730,2013,1923,21101-21199 NE 78th St,Redmond,WA 98053,USA
312500.0,3,1,1830,7969,1,3,930,900,1950,2008,306 S 15th St,Renton,WA 98055,USA
575000.0,3,1,1530,6743,1,3,1410,120,1955,2005,4931 SW Forney St,Seattle,WA 98116,USA
1195000.0,5,3,3420,18129,2,3,2540,880,1952,2005,7657-7801 E Mercer Way,Mercer Island,WA 98040,USA
340000.0,8,2,2790,6695,1,3,1470,1320,1977,2004,17512 Corliss Ave N,Shoreline,WA 98133,USA
610000.0,3,2,2300,13418,1,3,1430,870,1955,2005,335-345 105th Ave SE,Bellevue,WA 98004,USA
395000.0,5,1,1840,10453,1,3,1360,480,1948,1994,2716 SW 170th St,Burien,WA 98166,USA
430000.0,3,1,1810,5080,1,3,1030,780,1958,2004,7321 39th Ave NE,Seattle,WA 98115,USA
633000.0,4,2,2360,10000,1,3,1980,380,1977,2004,3323-3325 33rd Ave SW,Seattle,WA 98126,USA
605000.0,4,2,2800,10786,1,3,1420,1380,1970,2014,16674 SE 17th St,Bellevue,WA 98008,USA
1280000.0,4,2,3160,4620,1,3,2020,1140,1917,2005,1730 Walnut Ave SW,Seattle,WA 98116,USA
548800.0,4,1,1660,4704,1,3,1260,400,1930,1997,8612 8th Ave NE,Seattle,WA 98115,USA
870000.0,4,3,3040,36246,1,3,2680,360,1923,2014,200 E Lake Sammamish Pkwy NE,Sammamish,WA 98074,USA
527000.0,6,3,3000,8401,1,3,1500,1500,1979,2014,12750 27th Ave NE,Seattle,WA 98125,USA
320000.0,3,1,2220,11646,1,3,1270,950,1950,2005,5608 NE 204th St,Kenmore,WA 98028,USA
245000.0,2,1,1500,6685,1,3,1190,310,1926,2003,12226 Phinney Ave N,Seattle,WA 98133,USA
1636000.0,3,2,3110,6765,2,4,2550,560,1946,1989,8240 Fairway Dr NE,Seattle,WA 98115,USA
170500.0,2,1,1060,7700,1,3,820,240,1981,2013,1019 S 22nd Ct,Renton,WA 98055,USA
315000.0,2,1,1080,2674,1,4,720,360,1919,1985,4820 12th Ave S,Seattle,WA 98108,USA
332000.0,3,2,2120,14915,1,3,1720,400,1979,2014,27840 38th Pl S,Auburn,WA 98001,USA
480000.0,2,1,1060,3040,1,3,860,200,1924,2011,2342 N 60th St,Seattle,WA 98103,USA
560000.0,4,2,1950,9800,1,3,1330,620,1968,1997,12034 NE 67th St,Kirkland,WA 98033,USA
410000.0,4,2,2060,7283,1,3,1220,840,1963,2013,15568 11th Ave NE,Shoreline,WA 98155,USA
371500.0,3,1,1650,6400,1,4,980,670,1954,1979,9233 25th Ave SW,Seattle,WA 98106,USA
368000.0,4,1,2100,11942,1,3,1030,1070,1964,2000,5901-5909 17th Ave SW,Seattle,WA 98106,USA
485000.0,4,2,1900,7200,1,3,1370,530,1977,2004,11042 31st Ave SW,Seattle,WA 98146,USA
435000.0,4,2,2230,9640,1,3,1320,910,1998,2006,13362 3rd Ave NE,Seattle,WA 98125,USA
1050000.0,4,2,2250,3433,1,3,1500,750,1927,2013,2052 Boyer Ave E,Seattle,WA 98112,USA
1115000.0,4,2,3180,31931,1,4,2390,790,1978,2000,3108 142nd Pl NE,Bellevue,WA 98007,USA
580000.0,3,2,1940,5980,1,3,1520,420,1987,2000,1130 Oak Hill Pl NW,Issaquah,WA 98027,USA
970000.0,5,2,3500,5040,2,3,2950,550,1927,2007,5433 37th Ave SW,Seattle,WA 98126,USA
599000.0,3,2,2560,14680,1,3,1330,1230,1987,2000,16604 NE 42nd Ct,Redmond,WA 98052,USA
568000.0,4,1,2790,17476,1,3,1450,1340,1956,2001,2714 SW 164th Pl,Burien,WA 98166,USA
517000.0,2,1,1920,3408,1,4,960,960,1912,1989,1103 26th Ave,Seattle,WA 98122,USA
1675000.0,3,2,3490,8343,2,4,2150,1340,1939,1991,Burke-Gilman Trail,Seattle,WA 98125,USA
950000.0,3,2,3480,7800,1,4,1750,1730,1941,1998,10323 Valmay Ave NW,Seattle,WA 98177,USA
380000.0,4,2,1984,32400,1,3,1564,420,1962,2003,26856 12th Ave S,Des Moines,WA 98198,USA
320000.0,3,3,1450,1387,2,3,1180,270,2013,1923,5107 Puget Blvd SW,Seattle,WA 98106,USA
749950.0,4,2,2910,18700,1,3,2210,700,1957,1995,821 NW 175th St,Shoreline,WA 98177,USA
284000.0,4,1,1880,8800,1,3,1130,750,1960,2012,10000-10026 S 100th St,Seattle,WA 98168,USA
570000.0,6,3,4000,6015,2,3,3080,920,2004,2003,16638 SE 167th St,Renton,WA 98058,USA
287000.0,5,1,1730,9230,1,3,1010,720,1962,2003,1724 Edmonds Way SE,Renton,WA 98058,USA
810000.0,4,1,2000,3988,1,4,1000,1000,1958,1972,1322 Alki Ave SW,Seattle,WA 98116,USA
306000.0,3,1,1450,7200,1,3,1010,440,1969,2010,10606 NE 143rd Pl,Kirkland,WA 98034,USA
1250000.0,4,2,2920,5500,1,3,2030,890,1957,2000,2440 Magnolia Blvd W,Seattle,WA 98199,USA
425000.0,2,1,1320,8830,1,3,1020,300,1939,1969,2603 36th Ave W,Seattle,WA 98199,USA
229000.0,4,2,2010,7688,1,3,1170,840,1979,2014,32701-32911 49th Pl SW,Federal Way,WA 98023,USA
468000.0,4,2,2100,8400,1,4,1240,860,1976,1992,14634 128th Ave NE,Woodinville,WA 98072,USA
470000.0,4,2,2380,17199,2,3,1530,850,1979,2014,5504 NE 190th St,Kenmore,WA 98028,USA
300000.0,4,1,1820,5015,1,4,1190,630,1926,1993,1714 S Pearl St,Seattle,WA 98108,USA
1681000.0,5,5,4830,18707,2,5,3930,900,1952,1998,6702 SE 28th St,Mercer Island,WA 98040,USA
580000.0,3,1,1850,5100,1,3,1020,830,1909,2004,4408 Thackeray Pl NE,Seattle,WA 98105,USA
412000.0,4,3,3360,9767,2,3,2450,910,1990,2009,32648-33020 10th Ave SW,Federal Way,WA 98023,USA
595000.0,4,3,3730,4560,2,3,2760,970,2013,1923,2318 N 60th St,Seattle,WA 98103,USA
775000.0,6,2,2980,5000,1,3,2480,500,1916,1986,5428 Kirkwood Pl N,Seattle,WA 98103,USA
725000.0,2,1,1950,2719,1,5,1010,940,1919,1934,3609-3615 Whitman Ave N,Seattle,WA 98103,USA
639000.0,4,2,1840,5419,1,4,920,920,1942,1982,3051 36th Ave W,Seattle,WA 98199,USA
800000.0,3,2,2220,4000,2,3,1700,520,1914,2000,1718 32nd Ave,Seattle,WA 98122,USA
880000.0,6,2,2640,3680,2,5,1760,880,1922,1956,3008 38th Ave SW,Seattle,WA 98126,USA
657500.0,3,2,2320,10960,1,3,1510,810,1956,2001,12423 NE 6th Pl,Bellevue,WA 98005,USA
620000.0,3,1,1620,6630,1,3,1280,340,1954,2005,2822 NW 90th Pl,Seattle,WA 98117,USA
455000.0,4,2,1740,8449,1,4,1170,570,1958,1972,16204 SE 2nd St,Bellevue,WA 98008,USA
400000.0,3,2,2970,23100,1,3,1510,1460,1967,2011,15351 NE 202nd St,Woodinville,WA 98072,USA
1234582.0,5,3,3240,6551,1,4,2500,740,1939,1989,6851 51st Ave NE,Seattle,WA 98115,USA
475000.0,3,2,1820,8008,1,3,1240,580,1981,2013,17202 NE 134th Pl,Redmond,WA 98052,USA
440000.0,4,2,2160,8119,1,3,1080,1080,1966,1913,12211 SE 65th St,Bellevue,WA 98006,USA
2110000.0,4,1,2100,9200,1,3,1050,1050,1959,1989,14070 Military Rd S,Tukwila,WA 98168,USA
744312.5,4,2,2800,5900,1,3,1660,1140,1963,2008,7052 39th Ave NE,Seattle,WA 98115,USA
439333.333333,3,3,3020,4082,2,3,2080,940,1954,2004,3401-3599 Arapahoe Pl W,Seattle,WA 98199,USA
254000.0,3,1,1770,17208,1,3,1160,610,1959,1989,16726 SE 45th St,Bellevue,WA 98006,USA
642000.0,4,2,2550,10000,1,3,1290,1260,1964,2000,15003 NE 12th St,Bellevue,WA 98007,USA
300000.0,3,2,1510,7066,1,3,1230,280,1973,2013,10516 Victory Ln NE,Seattle,WA 98125,USA
274750.0,4,2,1840,1562,2,3,1400,440,2004,2003,2414 SW Holden St,Seattle,WA 98106,USA
135333.333333,4,1,1530,7200,1,3,1400,130,1948,1994,5602 S Avon St,Seattle,WA 98178,USA
440825.0,3,1,2150,4333,1,3,1200,950,1956,2001,4319 SW Brandon St,Seattle,WA 98136,USA
195000.0,5,3,5340,10655,2,4,3740,1600,1912,1989,2601-2649 Shoreland Dr S,Seattle,WA 98144,USA
257500.0,4,1,2420,7672,1,3,1480,940,1979,2014,4473 192nd Ave SE,Issaquah,WA 98027,USA
266066.666667,4,1,1310,5200,1,3,1160,150,1945,2010,7127 29th Ave SW,Seattle,WA 98126,USA
328211.904762,4,2,1720,9600,1,3,1120,600,1961,2004,1915 Ginko St SE,Auburn,WA 98092,USA
156766.666667,2,1,1500,4120,1,3,880,620,1928,1954,220 Garden Ave N,Renton,WA 98057,USA
287919.782609,2,1,1090,5000,1,4,730,360,1942,1982,8607 36th Ave SW,Seattle,WA 98126,USA
678333.333333,3,2,1840,3035,1,3,920,920,1926,2003,4003 2nd Ave NE,Seattle,WA 98105,USA
535000.0,4,2,2290,5350,2,4,2120,170,1958,1972,2523 42nd Ave W,Seattle,WA 98199,USA
458663.888889,2,1,1470,7137,1,3,1020,450,1941,1994,9736 Dayton Ave N,Seattle,WA 98103,USA
812650.0,4,2,3700,21755,1,3,2620,1080,1988,2000,4462 175th Pl SE,Bellevue,WA 98006,USA
790000.0,4,3,2420,4000,1,5,1870,550,1911,1984,4039 4th Ave NE,Seattle,WA 98105,USA
738190.857143,3,2,2300,3060,1,3,1510,790,1930,2002,7349 17th Ave NE,Seattle,WA 98115,USA
300000.0,3,2,2020,8555,1,4,1220,800,1957,2001,13545 39th Ave NE,Seattle,WA 98125,USA
1036200.0,4,3,2500,5801,1,3,1960,540,1926,2003,1502 Parkside Dr E,Seattle,WA 98112,USA
351250.0,4,1,1580,5340,1,3,1130,450,1947,2012,214 20th Ave S,Seattle,WA 98144,USA
180785.714286,2,1,2550,21675,1,4,1610,940,1958,1972,22320 11th Ave S,Des Moines,WA 98198,USA
289987.5,3,1,1570,15330,1,3,1080,490,1956,2001,15821 4th Ave SW,Burien,WA 98166,USA
542500.0,5,2,2520,16100,1,4,1570,950,1960,2001,8336 Avalon Dr,Mercer Island,WA 98040,USA
558653.846154,3,2,1530,3210,1,5,1010,520,1928,1970,8519 28th Ave NW,Seattle,WA 98117,USA
1288333.33333,6,4,3830,4800,3,3,3050,780,1919,2004,2425 3rd Ave W,Seattle,WA 98119,USA
454790.0,2,1,1990,4000,1,5,1090,900,1952,1998,8215 Stone Ave N,Seattle,WA 98103,USA
282766.666667,4,2,1700,8640,1,3,850,850,1955,2010,3706 140th Ave SE,Bellevue,WA 98006,USA
182805.0,3,1,1040,8892,1,4,800,240,1958,1972,1028 SW 307th St,Federal Way,WA 98023,USA
